    Finished `dev` profile [unoptimized + debuginfo] target(s) in 0.04s
     Running `target\debug\xtask.exe arena run ipc-pilot`
    Finished `dev` profile [unoptimized + debuginfo] target(s) in 0.03s
   Compiling kolvrt-kernel v0.1.0 (C:\Users\life\.codex\worktrees\arena-clock-passport\KOLVRT\crates\kernel)
    Finished `dev` profile [unoptimized + debuginfo] target(s) in 0.53s
[OK] build: target/kernel/dev-native-apps.elf (6423688 bytes ELF; 2530215 bytes loaded)

                      #######
                    ##########
                          ###       ######
            ###           ###         ######
          #######         ###           #####
         ##########       ###          #####
        ###     ####      ###        ####
                  ####    ###      ####
                    ####  ###    ####          #
                      ### ###  ####            ###
                        #########              ####
     ##############################################
     ####               ########
     ####              ##########
       ##           ####   ##  ####
                  ####     ##    ####
                 ###       ##      ####        #
               ###         ##        ####   ####
             ####          ##          ########
             #####         ##            ####
              ######       ##
                           ########
                           #######
KOLVRT | DEV | AArch64 | EL1
[OK] console: UART ready
[OK] memory: 256 MiB RAM; 64137 free pages (4 KiB/page)
[OK] exceptions: vectors installed
[OK] protection: MMU enabled; W^X enforced; heap initialized
[OK] interrupts: GICv3 and physical timer initialized
[OK] SMP: 2 CPUs participating
[DEBUG] process: slot=0 generation=1 owner=0 state=Creating rollback=None
[DEBUG] process: slot=0 generation=1 owner=0 state=Prepared rollback=None
[DEBUG] process: slot=0 generation=1 owner=0 state=Admitted rollback=None
[DEBUG] process: slot=1 generation=1 owner=0 state=Creating rollback=None
[DEBUG] process: slot=1 generation=1 owner=0 state=Prepared rollback=None
[DEBUG] process: slot=1 generation=1 owner=0 state=Admitted rollback=None
[DEBUG] handles: process_slot=1 process_generation=1 capacity=8 active=2 lifecycle=retiring
[DEBUG] handles: slot=0 generation=1 kind=Endpoint
[DEBUG] handles: slot=1 generation=1 kind=Endpoint
[DEBUG] process: slot=1 generation=1 owner=0 state=Completed rollback=None
[DEBUG] handles: process_slot=0 process_generation=1 capacity=8 active=2 lifecycle=retiring
[DEBUG] handles: slot=0 generation=1 kind=Endpoint
[DEBUG] handles: slot=1 generation=1 kind=Endpoint
[DEBUG] process: slot=0 generation=1 owner=0 state=Completed rollback=None
[DEBUG] process: slot=1 generation=1 owner=0 state=Reclaiming rollback=None
[DEBUG] process: slot=1 generation=1 owner=0 state=Free rollback=None
[DEBUG] process: slot=0 generation=1 owner=0 state=Reclaiming rollback=None
[DEBUG] process: slot=0 generation=1 owner=0 state=Free rollback=None
[OK] boot: validation complete; powering off (not a running system)
    Finished `dev` profile [unoptimized + debuginfo] target(s) in 0.03s
   Compiling kolvrt-kernel v0.1.0 (C:\Users\life\.codex\worktrees\arena-clock-passport\KOLVRT\crates\kernel)
    Finished `dev` profile [unoptimized + debuginfo] target(s) in 0.52s
[OK] build: target/kernel/dev-native-apps.elf (6423688 bytes ELF; 2530215 bytes loaded)

                      #######
                    ##########
                          ###       ######
            ###           ###         ######
          #######         ###           #####
         ##########       ###          #####
        ###     ####      ###        ####
                  ####    ###      ####
                    ####  ###    ####          #
                      ### ###  ####            ###
                        #########              ####
     ##############################################
     ####               ########
     ####              ##########
       ##           ####   ##  ####
                  ####     ##    ####
                 ###       ##      ####        #
               ###         ##        ####   ####
             ####          ##          ########
             #####         ##            ####
              ######       ##
                           ########
                           #######
KOLVRT | DEV | AArch64 | EL1
[OK] console: UART ready
[OK] memory: 256 MiB RAM; 64137 free pages (4 KiB/page)
[OK] exceptions: vectors installed
[OK] protection: MMU enabled; W^X enforced; heap initialized
[OK] interrupts: GICv3 and physical timer initialized
[OK] SMP: 2 CPUs participating
[DEBUG] process: slot=0 generation=1 owner=0 state=Creating rollback=None
[DEBUG] process: slot=0 generation=1 owner=0 state=Prepared rollback=None
[DEBUG] process: slot=0 generation=1 owner=0 state=Admitted rollback=None
[DEBUG] process: slot=1 generation=1 owner=0 state=Creating rollback=None
[DEBUG] process: slot=1 generation=1 owner=0 state=Prepared rollback=None
[DEBUG] process: slot=1 generation=1 owner=0 state=Admitted rollback=None
[DEBUG] handles: process_slot=1 process_generation=1 capacity=8 active=2 lifecycle=retiring
[DEBUG] handles: slot=0 generation=1 kind=Endpoint
[DEBUG] handles: slot=1 generation=1 kind=Endpoint
[DEBUG] process: slot=1 generation=1 owner=0 state=Completed rollback=None
[DEBUG] handles: process_slot=0 process_generation=1 capacity=8 active=2 lifecycle=retiring
[DEBUG] handles: slot=0 generation=1 kind=Endpoint
[DEBUG] handles: slot=1 generation=1 kind=Endpoint
[DEBUG] process: slot=0 generation=1 owner=0 state=Completed rollback=None
[DEBUG] process: slot=1 generation=1 owner=0 state=Reclaiming rollback=None
[DEBUG] process: slot=1 generation=1 owner=0 state=Free rollback=None
[DEBUG] process: slot=0 generation=1 owner=0 state=Reclaiming rollback=None
[DEBUG] process: slot=0 generation=1 owner=0 state=Free rollback=None
[OK] boot: validation complete; powering off (not a running system)
    Finished `dev` profile [unoptimized + debuginfo] target(s) in 0.03s
    Finished `dev` profile [unoptimized + debuginfo] target(s) in 0.03s
[OK] build: target/kernel/dev-native-apps.elf (6423688 bytes ELF; 2530215 bytes loaded)

                      #######
                    ##########
                          ###       ######
            ###           ###         ######
          #######         ###           #####
         ##########       ###          #####
        ###     ####      ###        ####
                  ####    ###      ####
                    ####  ###    ####          #
                      ### ###  ####            ###
                        #########              ####
     ##############################################
     ####               ########
     ####              ##########
       ##           ####   ##  ####
                  ####     ##    ####
                 ###       ##      ####        #
               ###         ##        ####   ####
             ####          ##          ########
             #####         ##            ####
              ######       ##
                           ########
                           #######
KOLVRT | DEV | AArch64 | EL1
[OK] console: UART ready
[OK] memory: 256 MiB RAM; 64137 free pages (4 KiB/page)
[OK] exceptions: vectors installed
[OK] protection: MMU enabled; W^X enforced; heap initialized
[OK] interrupts: GICv3 and physical timer initialized
[OK] SMP: 2 CPUs participating
[DEBUG] process: slot=0 generation=1 owner=0 state=Creating rollback=None
[DEBUG] process: slot=0 generation=1 owner=0 state=Prepared rollback=None
[DEBUG] process: slot=0 generation=1 owner=0 state=Admitted rollback=None
[DEBUG] process: slot=1 generation=1 owner=0 state=Creating rollback=None
[DEBUG] process: slot=1 generation=1 owner=0 state=Prepared rollback=None
[DEBUG] process: slot=1 generation=1 owner=0 state=Admitted rollback=None
[DEBUG] handles: process_slot=1 process_generation=1 capacity=8 active=2 lifecycle=retiring
[DEBUG] handles: slot=0 generation=1 kind=Endpoint
[DEBUG] handles: slot=1 generation=1 kind=Endpoint
[DEBUG] process: slot=1 generation=1 owner=0 state=Completed rollback=None
[DEBUG] handles: process_slot=0 process_generation=1 capacity=8 active=2 lifecycle=retiring
[DEBUG] handles: slot=0 generation=1 kind=Endpoint
[DEBUG] handles: slot=1 generation=1 kind=Endpoint
[DEBUG] process: slot=0 generation=1 owner=0 state=Completed rollback=None
[DEBUG] process: slot=1 generation=1 owner=0 state=Reclaiming rollback=None
[DEBUG] process: slot=1 generation=1 owner=0 state=Free rollback=None
[DEBUG] process: slot=0 generation=1 owner=0 state=Reclaiming rollback=None
[DEBUG] process: slot=0 generation=1 owner=0 state=Free rollback=None
[OK] boot: validation complete; powering off (not a running system)
    Finished `dev` profile [unoptimized + debuginfo] target(s) in 0.03s
   Compiling kolvrt-kernel v0.1.0 (C:\Users\life\.codex\worktrees\arena-clock-passport\KOLVRT\crates\kernel)
    Finished `dev` profile [unoptimized + debuginfo] target(s) in 0.48s
[OK] build: target/kernel/dev-native-apps.elf (6423688 bytes ELF; 2530215 bytes loaded)

                      #######
                    ##########
                          ###       ######
            ###           ###         ######
          #######         ###           #####
         ##########       ###          #####
        ###     ####      ###        ####
                  ####    ###      ####
                    ####  ###    ####          #
                      ### ###  ####            ###
                        #########              ####
     ##############################################
     ####               ########
     ####              ##########
       ##           ####   ##  ####
                  ####     ##    ####
                 ###       ##      ####        #
               ###         ##        ####   ####
             ####          ##          ########
             #####         ##            ####
              ######       ##
                           ########
                           #######
KOLVRT | DEV | AArch64 | EL1
[OK] console: UART ready
[OK] memory: 256 MiB RAM; 64137 free pages (4 KiB/page)
[OK] exceptions: vectors installed
[OK] protection: MMU enabled; W^X enforced; heap initialized
[OK] interrupts: GICv3 and physical timer initialized
[OK] SMP: 2 CPUs participating
[DEBUG] process: slot=0 generation=1 owner=0 state=Creating rollback=None
[DEBUG] process: slot=0 generation=1 owner=0 state=Prepared rollback=None
[DEBUG] process: slot=0 generation=1 owner=0 state=Admitted rollback=None
[DEBUG] process: slot=1 generation=1 owner=0 state=Creating rollback=None
[DEBUG] process: slot=1 generation=1 owner=0 state=Prepared rollback=None
[DEBUG] process: slot=1 generation=1 owner=0 state=Admitted rollback=None
[DEBUG] handles: process_slot=1 process_generation=1 capacity=8 active=2 lifecycle=retiring
[DEBUG] handles: slot=0 generation=1 kind=Endpoint
[DEBUG] handles: slot=1 generation=1 kind=Endpoint
[DEBUG] process: slot=1 generation=1 owner=0 state=Completed rollback=None
[DEBUG] handles: process_slot=0 process_generation=1 capacity=8 active=2 lifecycle=retiring
[DEBUG] handles: slot=0 generation=1 kind=Endpoint
[DEBUG] handles: slot=1 generation=1 kind=Endpoint
[DEBUG] process: slot=0 generation=1 owner=0 state=Completed rollback=None
[DEBUG] process: slot=1 generation=1 owner=0 state=Reclaiming rollback=None
[DEBUG] process: slot=1 generation=1 owner=0 state=Free rollback=None
[DEBUG] process: slot=0 generation=1 owner=0 state=Reclaiming rollback=None
[DEBUG] process: slot=0 generation=1 owner=0 state=Free rollback=None
[OK] boot: validation complete; powering off (not a running system)
   Compiling native-selftests v0.1.0 (C:\Users\life\.codex\worktrees\arena-clock-passport\KOLVRT\tests\native-apps)
    Finished `release` profile [optimized + debuginfo] target(s) in 0.39s
   Compiling kolvrt-kernel v0.1.0 (C:\Users\life\.codex\worktrees\arena-clock-passport\KOLVRT\crates\kernel)
    Finished `release` profile [optimized + debuginfo] target(s) in 2.85s
[OK] build: target/kernel/prod-native-apps.elf (1576376 bytes ELF; 525692 bytes loaded)

                      #######
                    ##########
                          ###       ######
            ###           ###         ######
          #######         ###           #####
         ##########       ###          #####
        ###     ####      ###        ####
                  ####    ###      ####
                    ####  ###    ####          #
                      ### ###  ####            ###
                        #########              ####
     ##############################################
     ####               ########
     ####              ##########
       ##           ####   ##  ####
                  ####     ##    ####
                 ###       ##      ####        #
               ###         ##        ####   ####
             ####          ##          ########
             #####         ##            ####
              ######       ##
                           ########
                           #######
KOLVRT | PROD | AArch64 | EL1
[OK] console: UART ready
[OK] memory: 256 MiB RAM; 64627 free pages (4 KiB/page)
[OK] exceptions: vectors installed
[OK] protection: MMU enabled; W^X enforced; heap initialized
[OK] interrupts: GICv3 and physical timer initialized
[OK] SMP: 2 CPUs participating
[OK] boot: validation complete; powering off (not a running system)
    Finished `release` profile [optimized + debuginfo] target(s) in 0.03s
   Compiling kolvrt-kernel v0.1.0 (C:\Users\life\.codex\worktrees\arena-clock-passport\KOLVRT\crates\kernel)
    Finished `release` profile [optimized + debuginfo] target(s) in 2.83s
[OK] build: target/kernel/prod-native-apps.elf (1576376 bytes ELF; 525692 bytes loaded)

                      #######
                    ##########
                          ###       ######
            ###           ###         ######
          #######         ###           #####
         ##########       ###          #####
        ###     ####      ###        ####
                  ####    ###      ####
                    ####  ###    ####          #
                      ### ###  ####            ###
                        #########              ####
     ##############################################
     ####               ########
     ####              ##########
       ##           ####   ##  ####
                  ####     ##    ####
                 ###       ##      ####        #
               ###         ##        ####   ####
             ####          ##          ########
             #####         ##            ####
              ######       ##
                           ########
                           #######
KOLVRT | PROD | AArch64 | EL1
[OK] console: UART ready
[OK] memory: 256 MiB RAM; 64627 free pages (4 KiB/page)
[OK] exceptions: vectors installed
[OK] protection: MMU enabled; W^X enforced; heap initialized
[OK] interrupts: GICv3 and physical timer initialized
[OK] SMP: 2 CPUs participating
[OK] boot: validation complete; powering off (not a running system)
    Finished `release` profile [optimized + debuginfo] target(s) in 0.03s
    Finished `release` profile [optimized + debuginfo] target(s) in 0.03s
[OK] build: target/kernel/prod-native-apps.elf (1576376 bytes ELF; 525692 bytes loaded)

                      #######
                    ##########
                          ###       ######
            ###           ###         ######
          #######         ###           #####
         ##########       ###          #####
        ###     ####      ###        ####
                  ####    ###      ####
                    ####  ###    ####          #
                      ### ###  ####            ###
                        #########              ####
     ##############################################
     ####               ########
     ####              ##########
       ##           ####   ##  ####
                  ####     ##    ####
                 ###       ##      ####        #
               ###         ##        ####   ####
             ####          ##          ########
             #####         ##            ####
              ######       ##
                           ########
                           #######
KOLVRT | PROD | AArch64 | EL1
[OK] console: UART ready
[OK] memory: 256 MiB RAM; 64627 free pages (4 KiB/page)
[OK] exceptions: vectors installed
[OK] protection: MMU enabled; W^X enforced; heap initialized
[OK] interrupts: GICv3 and physical timer initialized
[OK] SMP: 2 CPUs participating
[OK] boot: validation complete; powering off (not a running system)
    Finished `release` profile [optimized + debuginfo] target(s) in 0.03s
   Compiling kolvrt-kernel v0.1.0 (C:\Users\life\.codex\worktrees\arena-clock-passport\KOLVRT\crates\kernel)
    Finished `release` profile [optimized + debuginfo] target(s) in 2.84s
[OK] build: target/kernel/prod-native-apps.elf (1576376 bytes ELF; 525692 bytes loaded)

                      #######
                    ##########
                          ###       ######
            ###           ###         ######
          #######         ###           #####
         ##########       ###          #####
        ###     ####      ###        ####
                  ####    ###      ####
                    ####  ###    ####          #
                      ### ###  ####            ###
                        #########              ####
     ##############################################
     ####               ########
     ####              ##########
       ##           ####   ##  ####
                  ####     ##    ####
                 ###       ##      ####        #
               ###         ##        ####   ####
             ####          ##          ########
             #####         ##            ####
              ######       ##
                           ########
                           #######
KOLVRT | PROD | AArch64 | EL1
[OK] console: UART ready
[OK] memory: 256 MiB RAM; 64627 free pages (4 KiB/page)
[OK] exceptions: vectors installed
[OK] protection: MMU enabled; W^X enforced; heap initialized
[OK] interrupts: GICv3 and physical timer initialized
[OK] SMP: 2 CPUs participating
[OK] boot: validation complete; powering off (not a running system)
    Finished `dev` profile [unoptimized + debuginfo] target(s) in 0.03s
   Compiling kolvrt-kernel v0.1.0 (C:\Users\life\.codex\worktrees\arena-clock-passport\KOLVRT\crates\kernel)
    Finished `dev` profile [unoptimized + debuginfo] target(s) in 0.51s
[OK] build: target/kernel/dev-native-apps.elf (7345368 bytes ELF; 3453399 bytes loaded)

                      #######
                    ##########
                          ###       ######
            ###           ###         ######
          #######         ###           #####
         ##########       ###          #####
        ###     ####      ###        ####
                  ####    ###      ####
                    ####  ###    ####          #
                      ### ###  ####            ###
                        #########              ####
     ##############################################
     ####               ########
     ####              ##########
       ##           ####   ##  ####
                  ####     ##    ####
                 ###       ##      ####        #
               ###         ##        ####   ####
             ####          ##          ########
             #####         ##            ####
              ######       ##
                           ########
                           #######
KOLVRT | DEV | AArch64 | EL1
[OK] console: UART ready
[OK] memory: 256 MiB RAM; 63912 free pages (4 KiB/page)
[OK] exceptions: vectors installed
[OK] protection: MMU enabled; W^X enforced; heap initialized
[OK] interrupts: GICv3 and physical timer initialized
[OK] SMP: 2 CPUs participating
[DEBUG] process: slot=0 generation=1 owner=0 state=Creating rollback=None
[DEBUG] process: slot=0 generation=1 owner=0 state=Prepared rollback=None
[DEBUG] process: slot=0 generation=1 owner=0 state=Admitted rollback=None
[DEBUG] process: slot=4 generation=1 owner=1 state=Creating rollback=None
[DEBUG] process: slot=4 generation=1 owner=1 state=Prepared rollback=None
[DEBUG] process: slot=4 generation=1 owner=1 state=Admitted rollback=None
[DEBUG] handles: process_slot=4 process_generation=1 capacity=8 active=2 lifecycle=retiring
[DEBUG] handles: slot=0 generation=1 kind=Endpoint
[DEBUG] handles: slot=1 generation=1 kind=Endpoint
[DEBUG] process: slot=4 generation=1 owner=1 state=Completed rollback=None
[DEBUG] handles: process_slot=0 process_generation=1 capacity=8 active=2 lifecycle=retiring
[DEBUG] handles: slot=0 generation=1 kind=Endpoint
[DEBUG] handles: slot=1 generation=1 kind=Endpoint
[DEBUG] process: slot=0 generation=1 owner=0 state=Completed rollback=None
[DEBUG] process: slot=4 generation=1 owner=1 state=Reclaiming rollback=None
[DEBUG] process: slot=4 generation=1 owner=1 state=Free rollback=None
[DEBUG] process: slot=0 generation=1 owner=0 state=Reclaiming rollback=None
[DEBUG] process: slot=0 generation=1 owner=0 state=Free rollback=None
[OK] boot: validation complete; powering off (not a running system)
    Finished `dev` profile [unoptimized + debuginfo] target(s) in 0.03s
   Compiling kolvrt-kernel v0.1.0 (C:\Users\life\.codex\worktrees\arena-clock-passport\KOLVRT\crates\kernel)
    Finished `dev` profile [unoptimized + debuginfo] target(s) in 0.54s
[OK] build: target/kernel/dev-native-apps.elf (7345368 bytes ELF; 3453399 bytes loaded)

                      #######
                    ##########
                          ###       ######
            ###           ###         ######
          #######         ###           #####
         ##########       ###          #####
        ###     ####      ###        ####
                  ####    ###      ####
                    ####  ###    ####          #
                      ### ###  ####            ###
                        #########              ####
     ##############################################
     ####               ########
     ####              ##########
       ##           ####   ##  ####
                  ####     ##    ####
                 ###       ##      ####        #
               ###         ##        ####   ####
             ####          ##          ########
             #####         ##            ####
              ######       ##
                           ########
                           #######
KOLVRT | DEV | AArch64 | EL1
[OK] console: UART ready
[OK] memory: 256 MiB RAM; 63912 free pages (4 KiB/page)
[OK] exceptions: vectors installed
[OK] protection: MMU enabled; W^X enforced; heap initialized
[OK] interrupts: GICv3 and physical timer initialized
[OK] SMP: 2 CPUs participating
[DEBUG] process: slot=0 generation=1 owner=0 state=Creating rollback=None
[DEBUG] process: slot=0 generation=1 owner=0 state=Prepared rollback=None
[DEBUG] process: slot=0 generation=1 owner=0 state=Admitted rollback=None
[DEBUG] process: slot=4 generation=1 owner=1 state=Creating rollback=None
[DEBUG] process: slot=4 generation=1 owner=1 state=Prepared rollback=None
[DEBUG] process: slot=4 generation=1 owner=1 state=Admitted rollback=None
[DEBUG] handles: process_slot=4 process_generation=1 capacity=8 active=2 lifecycle=retiring
[DEBUG] handles: slot=0 generation=1 kind=Endpoint
[DEBUG] handles: slot=1 generation=1 kind=Endpoint
[DEBUG] process: slot=4 generation=1 owner=1 state=Completed rollback=None
[DEBUG] handles: process_slot=0 process_generation=1 capacity=8 active=2 lifecycle=retiring
[DEBUG] handles: slot=0 generation=1 kind=Endpoint
[DEBUG] handles: slot=1 generation=1 kind=Endpoint
[DEBUG] process: slot=0 generation=1 owner=0 state=Completed rollback=None
[DEBUG] process: slot=4 generation=1 owner=1 state=Reclaiming rollback=None
[DEBUG] process: slot=4 generation=1 owner=1 state=Free rollback=None
[DEBUG] process: slot=0 generation=1 owner=0 state=Reclaiming rollback=None
[DEBUG] process: slot=0 generation=1 owner=0 state=Free rollback=None
[OK] boot: validation complete; powering off (not a running system)
    Finished `dev` profile [unoptimized + debuginfo] target(s) in 0.03s
    Finished `dev` profile [unoptimized + debuginfo] target(s) in 0.03s
[OK] build: target/kernel/dev-native-apps.elf (7345368 bytes ELF; 3453399 bytes loaded)

                      #######
                    ##########
                          ###       ######
            ###           ###         ######
          #######         ###           #####
         ##########       ###          #####
        ###     ####      ###        ####
                  ####    ###      ####
                    ####  ###    ####          #
                      ### ###  ####            ###
                        #########              ####
     ##############################################
     ####               ########
     ####              ##########
       ##           ####   ##  ####
                  ####     ##    ####
                 ###       ##      ####        #
               ###         ##        ####   ####
             ####          ##          ########
             #####         ##            ####
              ######       ##
                           ########
                           #######
KOLVRT | DEV | AArch64 | EL1
[OK] console: UART ready
[OK] memory: 256 MiB RAM; 63912 free pages (4 KiB/page)
[OK] exceptions: vectors installed
[OK] protection: MMU enabled; W^X enforced; heap initialized
[OK] interrupts: GICv3 and physical timer initialized
[OK] SMP: 2 CPUs participating
[DEBUG] process: slot=0 generation=1 owner=0 state=Creating rollback=None
[DEBUG] process: slot=0 generation=1 owner=0 state=Prepared rollback=None
[DEBUG] process: slot=0 generation=1 owner=0 state=Admitted rollback=None
[DEBUG] process: slot=4 generation=1 owner=1 state=Creating rollback=None
[DEBUG] process: slot=4 generation=1 owner=1 state=Prepared rollback=None
[DEBUG] process: slot=4 generation=1 owner=1 state=Admitted rollback=None
[DEBUG] handles: process_slot=4 process_generation=1 capacity=8 active=2 lifecycle=retiring
[DEBUG] handles: slot=0 generation=1 kind=Endpoint
[DEBUG] handles: slot=1 generation=1 kind=Endpoint
[DEBUG] process: slot=4 generation=1 owner=1 state=Completed rollback=None
[DEBUG] handles: process_slot=0 process_generation=1 capacity=8 active=2 lifecycle=retiring
[DEBUG] handles: slot=0 generation=1 kind=Endpoint
[DEBUG] handles: slot=1 generation=1 kind=Endpoint
[DEBUG] process: slot=0 generation=1 owner=0 state=Completed rollback=None
[DEBUG] process: slot=4 generation=1 owner=1 state=Reclaiming rollback=None
[DEBUG] process: slot=4 generation=1 owner=1 state=Free rollback=None
[DEBUG] process: slot=0 generation=1 owner=0 state=Reclaiming rollback=None
[DEBUG] process: slot=0 generation=1 owner=0 state=Free rollback=None
[OK] boot: validation complete; powering off (not a running system)
    Finished `dev` profile [unoptimized + debuginfo] target(s) in 0.03s
   Compiling kolvrt-kernel v0.1.0 (C:\Users\life\.codex\worktrees\arena-clock-passport\KOLVRT\crates\kernel)
    Finished `dev` profile [unoptimized + debuginfo] target(s) in 0.51s
[OK] build: target/kernel/dev-native-apps.elf (7345368 bytes ELF; 3453399 bytes loaded)

                      #######
                    ##########
                          ###       ######
            ###           ###         ######
          #######         ###           #####
         ##########       ###          #####
        ###     ####      ###        ####
                  ####    ###      ####
                    ####  ###    ####          #
                      ### ###  ####            ###
                        #########              ####
     ##############################################
     ####               ########
     ####              ##########
       ##           ####   ##  ####
                  ####     ##    ####
                 ###       ##      ####        #
               ###         ##        ####   ####
             ####          ##          ########
             #####         ##            ####
              ######       ##
                           ########
                           #######
KOLVRT | DEV | AArch64 | EL1
[OK] console: UART ready
[OK] memory: 256 MiB RAM; 63912 free pages (4 KiB/page)
[OK] exceptions: vectors installed
[OK] protection: MMU enabled; W^X enforced; heap initialized
[OK] interrupts: GICv3 and physical timer initialized
[OK] SMP: 2 CPUs participating
[DEBUG] process: slot=0 generation=1 owner=0 state=Creating rollback=None
[DEBUG] process: slot=0 generation=1 owner=0 state=Prepared rollback=None
[DEBUG] process: slot=0 generation=1 owner=0 state=Admitted rollback=None
[DEBUG] process: slot=4 generation=1 owner=1 state=Creating rollback=None
[DEBUG] process: slot=4 generation=1 owner=1 state=Prepared rollback=None
[DEBUG] process: slot=4 generation=1 owner=1 state=Admitted rollback=None
[DEBUG] handles: process_slot=4 process_generation=1 capacity=8 active=2 lifecycle=retiring
[DEBUG] handles: slot=0 generation=1 kind=Endpoint
[DEBUG] handles: slot=1 generation=1 kind=Endpoint
[DEBUG] process: slot=4 generation=1 owner=1 state=Completed rollback=None
[DEBUG] handles: process_slot=0 process_generation=1 capacity=8 active=2 lifecycle=retiring
[DEBUG] handles: slot=0 generation=1 kind=Endpoint
[DEBUG] handles: slot=1 generation=1 kind=Endpoint
[DEBUG] process: slot=0 generation=1 owner=0 state=Completed rollback=None
[DEBUG] process: slot=4 generation=1 owner=1 state=Reclaiming rollback=None
[DEBUG] process: slot=4 generation=1 owner=1 state=Free rollback=None
[DEBUG] process: slot=0 generation=1 owner=0 state=Reclaiming rollback=None
[DEBUG] process: slot=0 generation=1 owner=0 state=Free rollback=None
[OK] boot: validation complete; powering off (not a running system)
    Finished `release` profile [optimized + debuginfo] target(s) in 0.03s
   Compiling kolvrt-kernel v0.1.0 (C:\Users\life\.codex\worktrees\arena-clock-passport\KOLVRT\crates\kernel)
    Finished `release` profile [optimized + debuginfo] target(s) in 2.92s
[OK] build: target/kernel/prod-native-apps.elf (1617344 bytes ELF; 568788 bytes loaded)

                      #######
                    ##########
                          ###       ######
            ###           ###         ######
          #######         ###           #####
         ##########       ###          #####
        ###     ####      ###        ####
                  ####    ###      ####
                    ####  ###    ####          #
                      ### ###  ####            ###
                        #########              ####
     ##############################################
     ####               ########
     ####              ##########
       ##           ####   ##  ####
                  ####     ##    ####
                 ###       ##      ####        #
               ###         ##        ####   ####
             ####          ##          ########
             #####         ##            ####
              ######       ##
                           ########
                           #######
KOLVRT | PROD | AArch64 | EL1
[OK] console: UART ready
[OK] memory: 256 MiB RAM; 64617 free pages (4 KiB/page)
[OK] exceptions: vectors installed
[OK] protection: MMU enabled; W^X enforced; heap initialized
[OK] interrupts: GICv3 and physical timer initialized
[OK] SMP: 2 CPUs participating
[OK] boot: validation complete; powering off (not a running system)
    Finished `release` profile [optimized + debuginfo] target(s) in 0.03s
   Compiling kolvrt-kernel v0.1.0 (C:\Users\life\.codex\worktrees\arena-clock-passport\KOLVRT\crates\kernel)
    Finished `release` profile [optimized + debuginfo] target(s) in 2.84s
[OK] build: target/kernel/prod-native-apps.elf (1617344 bytes ELF; 568788 bytes loaded)

                      #######
                    ##########
                          ###       ######
            ###           ###         ######
          #######         ###           #####
         ##########       ###          #####
        ###     ####      ###        ####
                  ####    ###      ####
                    ####  ###    ####          #
                      ### ###  ####            ###
                        #########              ####
     ##############################################
     ####               ########
     ####              ##########
       ##           ####   ##  ####
                  ####     ##    ####
                 ###       ##      ####        #
               ###         ##        ####   ####
             ####          ##          ########
             #####         ##            ####
              ######       ##
                           ########
                           #######
KOLVRT | PROD | AArch64 | EL1
[OK] console: UART ready
[OK] memory: 256 MiB RAM; 64617 free pages (4 KiB/page)
[OK] exceptions: vectors installed
[OK] protection: MMU enabled; W^X enforced; heap initialized
[OK] interrupts: GICv3 and physical timer initialized
[OK] SMP: 2 CPUs participating
[OK] boot: validation complete; powering off (not a running system)
    Finished `release` profile [optimized + debuginfo] target(s) in 0.03s
    Finished `release` profile [optimized + debuginfo] target(s) in 0.03s
[OK] build: target/kernel/prod-native-apps.elf (1617344 bytes ELF; 568788 bytes loaded)

                      #######
                    ##########
                          ###       ######
            ###           ###         ######
          #######         ###           #####
         ##########       ###          #####
        ###     ####      ###        ####
                  ####    ###      ####
                    ####  ###    ####          #
                      ### ###  ####            ###
                        #########              ####
     ##############################################
     ####               ########
     ####              ##########
       ##           ####   ##  ####
                  ####     ##    ####
                 ###       ##      ####        #
               ###         ##        ####   ####
             ####          ##          ########
             #####         ##            ####
              ######       ##
                           ########
                           #######
KOLVRT | PROD | AArch64 | EL1
[OK] console: UART ready
[OK] memory: 256 MiB RAM; 64617 free pages (4 KiB/page)
[OK] exceptions: vectors installed
[OK] protection: MMU enabled; W^X enforced; heap initialized
[OK] interrupts: GICv3 and physical timer initialized
[OK] SMP: 2 CPUs participating
[OK] boot: validation complete; powering off (not a running system)
    Finished `release` profile [optimized + debuginfo] target(s) in 0.03s
   Compiling kolvrt-kernel v0.1.0 (C:\Users\life\.codex\worktrees\arena-clock-passport\KOLVRT\crates\kernel)
    Finished `release` profile [optimized + debuginfo] target(s) in 2.84s
[OK] build: target/kernel/prod-native-apps.elf (1617344 bytes ELF; 568788 bytes loaded)

                      #######
                    ##########
                          ###       ######
            ###           ###         ######
          #######         ###           #####
         ##########       ###          #####
        ###     ####      ###        ####
                  ####    ###      ####
                    ####  ###    ####          #
                      ### ###  ####            ###
                        #########              ####
     ##############################################
     ####               ########
     ####              ##########
       ##           ####   ##  ####
                  ####     ##    ####
                 ###       ##      ####        #
               ###         ##        ####   ####
             ####          ##          ########
             #####         ##            ####
              ######       ##
                           ########
                           #######
KOLVRT | PROD | AArch64 | EL1
[OK] console: UART ready
[OK] memory: 256 MiB RAM; 64617 free pages (4 KiB/page)
[OK] exceptions: vectors installed
[OK] protection: MMU enabled; W^X enforced; heap initialized
[OK] interrupts: GICv3 and physical timer initialized
[OK] SMP: 2 CPUs participating
[OK] boot: validation complete; powering off (not a running system)
    Finished `dev` profile [unoptimized + debuginfo] target(s) in 0.03s
   Compiling kolvrt-kernel v0.1.0 (C:\Users\life\.codex\worktrees\arena-clock-passport\KOLVRT\crates\kernel)
    Finished `dev` profile [unoptimized + debuginfo] target(s) in 0.54s
[OK] build: target/kernel/dev-native-apps.elf (7345368 bytes ELF; 3453399 bytes loaded)

                      #######
                    ##########
                          ###       ######
            ###           ###         ######
          #######         ###           #####
         ##########       ###          #####
        ###     ####      ###        ####
                  ####    ###      ####
                    ####  ###    ####          #
                      ### ###  ####            ###
                        #########              ####
     ##############################################
     ####               ########
     ####              ##########
       ##           ####   ##  ####
                  ####     ##    ####
                 ###       ##      ####        #
               ###         ##        ####   ####
             ####          ##          ########
             #####         ##            ####
              ######       ##
                           ########
                           #######
KOLVRT | DEV | AArch64 | EL1
[OK] console: UART ready
[OK] memory: 256 MiB RAM; 63912 free pages (4 KiB/page)
[OK] exceptions: vectors installed
[OK] protection: MMU enabled; W^X enforced; heap initialized
[OK] interrupts: GICv3 and physical timer initialized
[OK] SMP: 2 CPUs participating
[DEBUG] process: slot=0 generation=1 owner=0 state=Creating rollback=None
[DEBUG] process: slot=0 generation=1 owner=0 state=Prepared rollback=None
[DEBUG] process: slot=0 generation=1 owner=0 state=Admitted rollback=None
[DEBUG] process: slot=4 generation=1 owner=1 state=Creating rollback=None
[DEBUG] process: slot=4 generation=1 owner=1 state=Prepared rollback=None
[DEBUG] process: slot=4 generation=1 owner=1 state=Admitted rollback=None
[DEBUG] process: slot=1 generation=1 owner=0 state=Creating rollback=None
[DEBUG] process: slot=1 generation=1 owner=0 state=Prepared rollback=None
[DEBUG] process: slot=1 generation=1 owner=0 state=Admitted rollback=None
[DEBUG] handles: process_slot=1 process_generation=1 capacity=8 active=3 lifecycle=retiring
[DEBUG] handles: slot=0 generation=1 kind=Endpoint
[DEBUG] handles: slot=1 generation=1 kind=Endpoint
[DEBUG] handles: slot=2 generation=1 kind=Endpoint
[DEBUG] process: slot=1 generation=1 owner=0 state=Completed rollback=None
[DEBUG] handles: process_slot=4 process_generation=1 capacity=8 active=2 lifecycle=retiring
[DEBUG] handles: slot=0 generation=1 kind=Endpoint
[DEBUG] handles: slot=1 generation=1 kind=Endpoint
[DEBUG] process: slot=4 generation=1 owner=1 state=Completed rollback=None
[DEBUG] handles: process_slot=0 process_generation=1 capacity=8 active=4 lifecycle=retiring
[DEBUG] handles: slot=0 generation=1 kind=Endpoint
[DEBUG] handles: slot=1 generation=1 kind=Endpoint
[DEBUG] handles: slot=2 generation=1 kind=Endpoint
[DEBUG] handles: slot=3 generation=1 kind=Endpoint
[DEBUG] process: slot=0 generation=1 owner=0 state=Completed rollback=None
[DEBUG] process: slot=4 generation=1 owner=1 state=Reclaiming rollback=None
[DEBUG] process: slot=4 generation=1 owner=1 state=Free rollback=None
[DEBUG] process: slot=1 generation=1 owner=0 state=Reclaiming rollback=None
[DEBUG] process: slot=1 generation=1 owner=0 state=Free rollback=None
[DEBUG] process: slot=0 generation=1 owner=0 state=Reclaiming rollback=None
[DEBUG] process: slot=0 generation=1 owner=0 state=Free rollback=None
[OK] boot: validation complete; powering off (not a running system)
    Finished `dev` profile [unoptimized + debuginfo] target(s) in 0.03s
   Compiling kolvrt-kernel v0.1.0 (C:\Users\life\.codex\worktrees\arena-clock-passport\KOLVRT\crates\kernel)
    Finished `dev` profile [unoptimized + debuginfo] target(s) in 0.55s
[OK] build: target/kernel/dev-native-apps.elf (7345368 bytes ELF; 3453399 bytes loaded)

                      #######
                    ##########
                          ###       ######
            ###           ###         ######
          #######         ###           #####
         ##########       ###          #####
        ###     ####      ###        ####
                  ####    ###      ####
                    ####  ###    ####          #
                      ### ###  ####            ###
                        #########              ####
     ##############################################
     ####               ########
     ####              ##########
       ##           ####   ##  ####
                  ####     ##    ####
                 ###       ##      ####        #
               ###         ##        ####   ####
             ####          ##          ########
             #####         ##            ####
              ######       ##
                           ########
                           #######
KOLVRT | DEV | AArch64 | EL1
[OK] console: UART ready
[OK] memory: 256 MiB RAM; 63912 free pages (4 KiB/page)
[OK] exceptions: vectors installed
[OK] protection: MMU enabled; W^X enforced; heap initialized
[OK] interrupts: GICv3 and physical timer initialized
[OK] SMP: 2 CPUs participating
[DEBUG] process: slot=0 generation=1 owner=0 state=Creating rollback=None
[DEBUG] process: slot=0 generation=1 owner=0 state=Prepared rollback=None
[DEBUG] process: slot=0 generation=1 owner=0 state=Admitted rollback=None
[DEBUG] process: slot=4 generation=1 owner=1 state=Creating rollback=None
[DEBUG] process: slot=4 generation=1 owner=1 state=Prepared rollback=None
[DEBUG] process: slot=4 generation=1 owner=1 state=Admitted rollback=None
[DEBUG] process: slot=1 generation=1 owner=0 state=Creating rollback=None
[DEBUG] process: slot=1 generation=1 owner=0 state=Prepared rollback=None
[DEBUG] process: slot=1 generation=1 owner=0 state=Admitted rollback=None
[DEBUG] handles: process_slot=1 process_generation=1 capacity=8 active=3 lifecycle=retiring
[DEBUG] handles: slot=0 generation=1 kind=Endpoint
[DEBUG] handles: slot=1 generation=1 kind=Endpoint
[DEBUG] handles: slot=2 generation=1 kind=Endpoint
[DEBUG] process: slot=1 generation=1 owner=0 state=Completed rollback=None
[DEBUG] handles: process_slot=4 process_generation=1 capacity=8 active=2 lifecycle=retiring
[DEBUG] handles: slot=0 generation=1 kind=Endpoint
[DEBUG] handles: slot=1 generation=1 kind=Endpoint
[DEBUG] process: slot=4 generation=1 owner=1 state=Completed rollback=None
[DEBUG] handles: process_slot=0 process_generation=1 capacity=8 active=4 lifecycle=retiring
[DEBUG] handles: slot=0 generation=1 kind=Endpoint
[DEBUG] handles: slot=1 generation=1 kind=Endpoint
[DEBUG] handles: slot=2 generation=1 kind=Endpoint
[DEBUG] handles: slot=3 generation=1 kind=Endpoint
[DEBUG] process: slot=0 generation=1 owner=0 state=Completed rollback=None
[DEBUG] process: slot=4 generation=1 owner=1 state=Reclaiming rollback=None
[DEBUG] process: slot=4 generation=1 owner=1 state=Free rollback=None
[DEBUG] process: slot=1 generation=1 owner=0 state=Reclaiming rollback=None
[DEBUG] process: slot=1 generation=1 owner=0 state=Free rollback=None
[DEBUG] process: slot=0 generation=1 owner=0 state=Reclaiming rollback=None
[DEBUG] process: slot=0 generation=1 owner=0 state=Free rollback=None
[OK] boot: validation complete; powering off (not a running system)
    Finished `dev` profile [unoptimized + debuginfo] target(s) in 0.03s
    Finished `dev` profile [unoptimized + debuginfo] target(s) in 0.03s
[OK] build: target/kernel/dev-native-apps.elf (7345368 bytes ELF; 3453399 bytes loaded)

                      #######
                    ##########
                          ###       ######
            ###           ###         ######
          #######         ###           #####
         ##########       ###          #####
        ###     ####      ###        ####
                  ####    ###      ####
                    ####  ###    ####          #
                      ### ###  ####            ###
                        #########              ####
     ##############################################
     ####               ########
     ####              ##########
       ##           ####   ##  ####
                  ####     ##    ####
                 ###       ##      ####        #
               ###         ##        ####   ####
             ####          ##          ########
             #####         ##            ####
              ######       ##
                           ########
                           #######
KOLVRT | DEV | AArch64 | EL1
[OK] console: UART ready
[OK] memory: 256 MiB RAM; 63912 free pages (4 KiB/page)
[OK] exceptions: vectors installed
[OK] protection: MMU enabled; W^X enforced; heap initialized
[OK] interrupts: GICv3 and physical timer initialized
[OK] SMP: 2 CPUs participating
[DEBUG] process: slot=0 generation=1 owner=0 state=Creating rollback=None
[DEBUG] process: slot=0 generation=1 owner=0 state=Prepared rollback=None
[DEBUG] process: slot=0 generation=1 owner=0 state=Admitted rollback=None
[DEBUG] process: slot=4 generation=1 owner=1 state=Creating rollback=None
[DEBUG] process: slot=4 generation=1 owner=1 state=Prepared rollback=None
[DEBUG] process: slot=4 generation=1 owner=1 state=Admitted rollback=None
[DEBUG] process: slot=1 generation=1 owner=0 state=Creating rollback=None
[DEBUG] process: slot=1 generation=1 owner=0 state=Prepared rollback=None
[DEBUG] process: slot=1 generation=1 owner=0 state=Admitted rollback=None
[DEBUG] handles: process_slot=1 process_generation=1 capacity=8 active=3 lifecycle=retiring
[DEBUG] handles: slot=0 generation=1 kind=Endpoint
[DEBUG] handles: slot=1 generation=1 kind=Endpoint
[DEBUG] handles: slot=2 generation=1 kind=Endpoint
[DEBUG] process: slot=1 generation=1 owner=0 state=Completed rollback=None
[DEBUG] handles: process_slot=4 process_generation=1 capacity=8 active=2 lifecycle=retiring
[DEBUG] handles: slot=0 generation=1 kind=Endpoint
[DEBUG] handles: slot=1 generation=1 kind=Endpoint
[DEBUG] process: slot=4 generation=1 owner=1 state=Completed rollback=None
[DEBUG] handles: process_slot=0 process_generation=1 capacity=8 active=4 lifecycle=retiring
[DEBUG] handles: slot=0 generation=1 kind=Endpoint
[DEBUG] handles: slot=1 generation=1 kind=Endpoint
[DEBUG] handles: slot=2 generation=1 kind=Endpoint
[DEBUG] handles: slot=3 generation=1 kind=Endpoint
[DEBUG] process: slot=0 generation=1 owner=0 state=Completed rollback=None
[DEBUG] process: slot=4 generation=1 owner=1 state=Reclaiming rollback=None
[DEBUG] process: slot=4 generation=1 owner=1 state=Free rollback=None
[DEBUG] process: slot=1 generation=1 owner=0 state=Reclaiming rollback=None
[DEBUG] process: slot=1 generation=1 owner=0 state=Free rollback=None
[DEBUG] process: slot=0 generation=1 owner=0 state=Reclaiming rollback=None
[DEBUG] process: slot=0 generation=1 owner=0 state=Free rollback=None
[OK] boot: validation complete; powering off (not a running system)
    Finished `dev` profile [unoptimized + debuginfo] target(s) in 0.03s
   Compiling kolvrt-kernel v0.1.0 (C:\Users\life\.codex\worktrees\arena-clock-passport\KOLVRT\crates\kernel)
    Finished `dev` profile [unoptimized + debuginfo] target(s) in 0.49s
[OK] build: target/kernel/dev-native-apps.elf (7345368 bytes ELF; 3453399 bytes loaded)

                      #######
                    ##########
                          ###       ######
            ###           ###         ######
          #######         ###           #####
         ##########       ###          #####
        ###     ####      ###        ####
                  ####    ###      ####
                    ####  ###    ####          #
                      ### ###  ####            ###
                        #########              ####
     ##############################################
     ####               ########
     ####              ##########
       ##           ####   ##  ####
                  ####     ##    ####
                 ###       ##      ####        #
               ###         ##        ####   ####
             ####          ##          ########
             #####         ##            ####
              ######       ##
                           ########
                           #######
KOLVRT | DEV | AArch64 | EL1
[OK] console: UART ready
[OK] memory: 256 MiB RAM; 63912 free pages (4 KiB/page)
[OK] exceptions: vectors installed
[OK] protection: MMU enabled; W^X enforced; heap initialized
[OK] interrupts: GICv3 and physical timer initialized
[OK] SMP: 2 CPUs participating
[DEBUG] process: slot=0 generation=1 owner=0 state=Creating rollback=None
[DEBUG] process: slot=0 generation=1 owner=0 state=Prepared rollback=None
[DEBUG] process: slot=0 generation=1 owner=0 state=Admitted rollback=None
[DEBUG] process: slot=4 generation=1 owner=1 state=Creating rollback=None
[DEBUG] process: slot=4 generation=1 owner=1 state=Prepared rollback=None
[DEBUG] process: slot=4 generation=1 owner=1 state=Admitted rollback=None
[DEBUG] process: slot=1 generation=1 owner=0 state=Creating rollback=None
[DEBUG] process: slot=1 generation=1 owner=0 state=Prepared rollback=None
[DEBUG] process: slot=1 generation=1 owner=0 state=Admitted rollback=None
[DEBUG] handles: process_slot=1 process_generation=1 capacity=8 active=3 lifecycle=retiring
[DEBUG] handles: slot=0 generation=1 kind=Endpoint
[DEBUG] handles: slot=1 generation=1 kind=Endpoint
[DEBUG] handles: slot=2 generation=1 kind=Endpoint
[DEBUG] process: slot=1 generation=1 owner=0 state=Completed rollback=None
[DEBUG] handles: process_slot=4 process_generation=1 capacity=8 active=2 lifecycle=retiring
[DEBUG] handles: slot=0 generation=1 kind=Endpoint
[DEBUG] handles: slot=1 generation=1 kind=Endpoint
[DEBUG] process: slot=4 generation=1 owner=1 state=Completed rollback=None
[DEBUG] handles: process_slot=0 process_generation=1 capacity=8 active=4 lifecycle=retiring
[DEBUG] handles: slot=0 generation=1 kind=Endpoint
[DEBUG] handles: slot=1 generation=1 kind=Endpoint
[DEBUG] handles: slot=2 generation=1 kind=Endpoint
[DEBUG] handles: slot=3 generation=1 kind=Endpoint
[DEBUG] process: slot=0 generation=1 owner=0 state=Completed rollback=None
[DEBUG] process: slot=4 generation=1 owner=1 state=Reclaiming rollback=None
[DEBUG] process: slot=4 generation=1 owner=1 state=Free rollback=None
[DEBUG] process: slot=1 generation=1 owner=0 state=Reclaiming rollback=None
[DEBUG] process: slot=1 generation=1 owner=0 state=Free rollback=None
[DEBUG] process: slot=0 generation=1 owner=0 state=Reclaiming rollback=None
[DEBUG] process: slot=0 generation=1 owner=0 state=Free rollback=None
[OK] boot: validation complete; powering off (not a running system)
    Finished `release` profile [optimized + debuginfo] target(s) in 0.03s
   Compiling kolvrt-kernel v0.1.0 (C:\Users\life\.codex\worktrees\arena-clock-passport\KOLVRT\crates\kernel)
    Finished `release` profile [optimized + debuginfo] target(s) in 2.90s
[OK] build: target/kernel/prod-native-apps.elf (1617344 bytes ELF; 568788 bytes loaded)

                      #######
                    ##########
                          ###       ######
            ###           ###         ######
          #######         ###           #####
         ##########       ###          #####
        ###     ####      ###        ####
                  ####    ###      ####
                    ####  ###    ####          #
                      ### ###  ####            ###
                        #########              ####
     ##############################################
     ####               ########
     ####              ##########
       ##           ####   ##  ####
                  ####     ##    ####
                 ###       ##      ####        #
               ###         ##        ####   ####
             ####          ##          ########
             #####         ##            ####
              ######       ##
                           ########
                           #######
KOLVRT | PROD | AArch64 | EL1
[OK] console: UART ready
[OK] memory: 256 MiB RAM; 64617 free pages (4 KiB/page)
[OK] exceptions: vectors installed
[OK] protection: MMU enabled; W^X enforced; heap initialized
[OK] interrupts: GICv3 and physical timer initialized
[OK] SMP: 2 CPUs participating
[OK] boot: validation complete; powering off (not a running system)
    Finished `release` profile [optimized + debuginfo] target(s) in 0.03s
   Compiling kolvrt-kernel v0.1.0 (C:\Users\life\.codex\worktrees\arena-clock-passport\KOLVRT\crates\kernel)
    Finished `release` profile [optimized + debuginfo] target(s) in 2.84s
[OK] build: target/kernel/prod-native-apps.elf (1617344 bytes ELF; 568788 bytes loaded)

                      #######
                    ##########
                          ###       ######
            ###           ###         ######
          #######         ###           #####
         ##########       ###          #####
        ###     ####      ###        ####
                  ####    ###      ####
                    ####  ###    ####          #
                      ### ###  ####            ###
                        #########              ####
     ##############################################
     ####               ########
     ####              ##########
       ##           ####   ##  ####
                  ####     ##    ####
                 ###       ##      ####        #
               ###         ##        ####   ####
             ####          ##          ########
             #####         ##            ####
              ######       ##
                           ########
                           #######
KOLVRT | PROD | AArch64 | EL1
[OK] console: UART ready
[OK] memory: 256 MiB RAM; 64617 free pages (4 KiB/page)
[OK] exceptions: vectors installed
[OK] protection: MMU enabled; W^X enforced; heap initialized
[OK] interrupts: GICv3 and physical timer initialized
[OK] SMP: 2 CPUs participating
[OK] boot: validation complete; powering off (not a running system)
    Finished `release` profile [optimized + debuginfo] target(s) in 0.03s
    Finished `release` profile [optimized + debuginfo] target(s) in 0.03s
[OK] build: target/kernel/prod-native-apps.elf (1617344 bytes ELF; 568788 bytes loaded)

                      #######
                    ##########
                          ###       ######
            ###           ###         ######
          #######         ###           #####
         ##########       ###          #####
        ###     ####      ###        ####
                  ####    ###      ####
                    ####  ###    ####          #
                      ### ###  ####            ###
                        #########              ####
     ##############################################
     ####               ########
     ####              ##########
       ##           ####   ##  ####
                  ####     ##    ####
                 ###       ##      ####        #
               ###         ##        ####   ####
             ####          ##          ########
             #####         ##            ####
              ######       ##
                           ########
                           #######
KOLVRT | PROD | AArch64 | EL1
[OK] console: UART ready
[OK] memory: 256 MiB RAM; 64617 free pages (4 KiB/page)
[OK] exceptions: vectors installed
[OK] protection: MMU enabled; W^X enforced; heap initialized
[OK] interrupts: GICv3 and physical timer initialized
[OK] SMP: 2 CPUs participating
[OK] boot: validation complete; powering off (not a running system)
    Finished `release` profile [optimized + debuginfo] target(s) in 0.03s
   Compiling kolvrt-kernel v0.1.0 (C:\Users\life\.codex\worktrees\arena-clock-passport\KOLVRT\crates\kernel)
    Finished `release` profile [optimized + debuginfo] target(s) in 2.84s
[OK] build: target/kernel/prod-native-apps.elf (1617344 bytes ELF; 568788 bytes loaded)

                      #######
                    ##########
                          ###       ######
            ###           ###         ######
          #######         ###           #####
         ##########       ###          #####
        ###     ####      ###        ####
                  ####    ###      ####
                    ####  ###    ####          #
                      ### ###  ####            ###
                        #########              ####
     ##############################################
     ####               ########
     ####              ##########
       ##           ####   ##  ####
                  ####     ##    ####
                 ###       ##      ####        #
               ###         ##        ####   ####
             ####          ##          ########
             #####         ##            ####
              ######       ##
                           ########
                           #######
KOLVRT | PROD | AArch64 | EL1
[OK] console: UART ready
[OK] memory: 256 MiB RAM; 64617 free pages (4 KiB/page)
[OK] exceptions: vectors installed
[OK] protection: MMU enabled; W^X enforced; heap initialized
[OK] interrupts: GICv3 and physical timer initialized
[OK] SMP: 2 CPUs participating
[OK] boot: validation complete; powering off (not a running system)
    Finished `dev` profile [unoptimized + debuginfo] target(s) in 0.03s
   Compiling kolvrt-kernel v0.1.0 (C:\Users\life\.codex\worktrees\arena-clock-passport\KOLVRT\crates\kernel)
    Finished `dev` profile [unoptimized + debuginfo] target(s) in 0.55s
[OK] build: target/kernel/dev-native-apps.elf (6423688 bytes ELF; 2530215 bytes loaded)

                      #######
                    ##########
                          ###       ######
            ###           ###         ######
          #######         ###           #####
         ##########       ###          #####
        ###     ####      ###        ####
                  ####    ###      ####
                    ####  ###    ####          #
                      ### ###  ####            ###
                        #########              ####
     ##############################################
     ####               ########
     ####              ##########
       ##           ####   ##  ####
                  ####     ##    ####
                 ###       ##      ####        #
               ###         ##        ####   ####
             ####          ##          ########
             #####         ##            ####
              ######       ##
                           ########
                           #######
KOLVRT | DEV | AArch64 | EL1
[OK] console: UART ready
[OK] memory: 256 MiB RAM; 64137 free pages (4 KiB/page)
[OK] exceptions: vectors installed
[OK] protection: MMU enabled; W^X enforced; heap initialized
[OK] interrupts: GICv3 and physical timer initialized
[OK] SMP: 2 CPUs participating
[DEBUG] process: slot=0 generation=1 owner=0 state=Creating rollback=None
[DEBUG] process: slot=0 generation=1 owner=0 state=Prepared rollback=None
[DEBUG] process: slot=0 generation=1 owner=0 state=Admitted rollback=None
[DEBUG] process: slot=1 generation=1 owner=0 state=Creating rollback=None
[DEBUG] process: slot=1 generation=1 owner=0 state=Prepared rollback=None
[DEBUG] process: slot=1 generation=1 owner=0 state=Admitted rollback=None
[DEBUG] handles: process_slot=1 process_generation=1 capacity=8 active=2 lifecycle=retiring
[DEBUG] handles: slot=0 generation=1 kind=Endpoint
[DEBUG] handles: slot=1 generation=1 kind=Endpoint
[DEBUG] process: slot=1 generation=1 owner=0 state=Completed rollback=None
[DEBUG] handles: process_slot=0 process_generation=1 capacity=8 active=2 lifecycle=retiring
[DEBUG] handles: slot=0 generation=1 kind=Endpoint
[DEBUG] handles: slot=1 generation=1 kind=Endpoint
[DEBUG] process: slot=0 generation=1 owner=0 state=Completed rollback=None
[DEBUG] process: slot=1 generation=1 owner=0 state=Reclaiming rollback=None
[DEBUG] process: slot=1 generation=1 owner=0 state=Free rollback=None
[DEBUG] process: slot=0 generation=1 owner=0 state=Reclaiming rollback=None
[DEBUG] process: slot=0 generation=1 owner=0 state=Free rollback=None
[OK] boot: validation complete; powering off (not a running system)
    Finished `dev` profile [unoptimized + debuginfo] target(s) in 0.03s
   Compiling kolvrt-kernel v0.1.0 (C:\Users\life\.codex\worktrees\arena-clock-passport\KOLVRT\crates\kernel)
    Finished `dev` profile [unoptimized + debuginfo] target(s) in 0.57s
[OK] build: target/kernel/dev-native-apps.elf (6423688 bytes ELF; 2530215 bytes loaded)

                      #######
                    ##########
                          ###       ######
            ###           ###         ######
          #######         ###           #####
         ##########       ###          #####
        ###     ####      ###        ####
                  ####    ###      ####
                    ####  ###    ####          #
                      ### ###  ####            ###
                        #########              ####
     ##############################################
     ####               ########
     ####              ##########
       ##           ####   ##  ####
                  ####     ##    ####
                 ###       ##      ####        #
               ###         ##        ####   ####
             ####          ##          ########
             #####         ##            ####
              ######       ##
                           ########
                           #######
KOLVRT | DEV | AArch64 | EL1
[OK] console: UART ready
[OK] memory: 256 MiB RAM; 64137 free pages (4 KiB/page)
[OK] exceptions: vectors installed
[OK] protection: MMU enabled; W^X enforced; heap initialized
[OK] interrupts: GICv3 and physical timer initialized
[OK] SMP: 2 CPUs participating
[DEBUG] process: slot=0 generation=1 owner=0 state=Creating rollback=None
[DEBUG] process: slot=0 generation=1 owner=0 state=Prepared rollback=None
[DEBUG] process: slot=0 generation=1 owner=0 state=Admitted rollback=None
[DEBUG] process: slot=1 generation=1 owner=0 state=Creating rollback=None
[DEBUG] process: slot=1 generation=1 owner=0 state=Prepared rollback=None
[DEBUG] process: slot=1 generation=1 owner=0 state=Admitted rollback=None
[DEBUG] handles: process_slot=1 process_generation=1 capacity=8 active=2 lifecycle=retiring
[DEBUG] handles: slot=0 generation=1 kind=Endpoint
[DEBUG] handles: slot=1 generation=1 kind=Endpoint
[DEBUG] process: slot=1 generation=1 owner=0 state=Completed rollback=None
[DEBUG] handles: process_slot=0 process_generation=1 capacity=8 active=2 lifecycle=retiring
[DEBUG] handles: slot=0 generation=1 kind=Endpoint
[DEBUG] handles: slot=1 generation=1 kind=Endpoint
[DEBUG] process: slot=0 generation=1 owner=0 state=Completed rollback=None
[DEBUG] process: slot=1 generation=1 owner=0 state=Reclaiming rollback=None
[DEBUG] process: slot=1 generation=1 owner=0 state=Free rollback=None
[DEBUG] process: slot=0 generation=1 owner=0 state=Reclaiming rollback=None
[DEBUG] process: slot=0 generation=1 owner=0 state=Free rollback=None
[OK] boot: validation complete; powering off (not a running system)
    Finished `dev` profile [unoptimized + debuginfo] target(s) in 0.03s
    Finished `dev` profile [unoptimized + debuginfo] target(s) in 0.03s
[OK] build: target/kernel/dev-native-apps.elf (6423688 bytes ELF; 2530215 bytes loaded)

                      #######
                    ##########
                          ###       ######
            ###           ###         ######
          #######         ###           #####
         ##########       ###          #####
        ###     ####      ###        ####
                  ####    ###      ####
                    ####  ###    ####          #
                      ### ###  ####            ###
                        #########              ####
     ##############################################
     ####               ########
     ####              ##########
       ##           ####   ##  ####
                  ####     ##    ####
                 ###       ##      ####        #
               ###         ##        ####   ####
             ####          ##          ########
             #####         ##            ####
              ######       ##
                           ########
                           #######
KOLVRT | DEV | AArch64 | EL1
[OK] console: UART ready
[OK] memory: 256 MiB RAM; 64137 free pages (4 KiB/page)
[OK] exceptions: vectors installed
[OK] protection: MMU enabled; W^X enforced; heap initialized
[OK] interrupts: GICv3 and physical timer initialized
[OK] SMP: 2 CPUs participating
[DEBUG] process: slot=0 generation=1 owner=0 state=Creating rollback=None
[DEBUG] process: slot=0 generation=1 owner=0 state=Prepared rollback=None
[DEBUG] process: slot=0 generation=1 owner=0 state=Admitted rollback=None
[DEBUG] process: slot=1 generation=1 owner=0 state=Creating rollback=None
[DEBUG] process: slot=1 generation=1 owner=0 state=Prepared rollback=None
[DEBUG] process: slot=1 generation=1 owner=0 state=Admitted rollback=None
[DEBUG] handles: process_slot=1 process_generation=1 capacity=8 active=2 lifecycle=retiring
[DEBUG] handles: slot=0 generation=1 kind=Endpoint
[DEBUG] handles: slot=1 generation=1 kind=Endpoint
[DEBUG] process: slot=1 generation=1 owner=0 state=Completed rollback=None
[DEBUG] handles: process_slot=0 process_generation=1 capacity=8 active=2 lifecycle=retiring
[DEBUG] handles: slot=0 generation=1 kind=Endpoint
[DEBUG] handles: slot=1 generation=1 kind=Endpoint
[DEBUG] process: slot=0 generation=1 owner=0 state=Completed rollback=None
[DEBUG] process: slot=1 generation=1 owner=0 state=Reclaiming rollback=None
[DEBUG] process: slot=1 generation=1 owner=0 state=Free rollback=None
[DEBUG] process: slot=0 generation=1 owner=0 state=Reclaiming rollback=None
[DEBUG] process: slot=0 generation=1 owner=0 state=Free rollback=None
[OK] boot: validation complete; powering off (not a running system)
    Finished `dev` profile [unoptimized + debuginfo] target(s) in 0.03s
   Compiling kolvrt-kernel v0.1.0 (C:\Users\life\.codex\worktrees\arena-clock-passport\KOLVRT\crates\kernel)
    Finished `dev` profile [unoptimized + debuginfo] target(s) in 0.52s
[OK] build: target/kernel/dev-native-apps.elf (6423688 bytes ELF; 2530215 bytes loaded)

                      #######
                    ##########
                          ###       ######
            ###           ###         ######
          #######         ###           #####
         ##########       ###          #####
        ###     ####      ###        ####
                  ####    ###      ####
                    ####  ###    ####          #
                      ### ###  ####            ###
                        #########              ####
     ##############################################
     ####               ########
     ####              ##########
       ##           ####   ##  ####
                  ####     ##    ####
                 ###       ##      ####        #
               ###         ##        ####   ####
             ####          ##          ########
             #####         ##            ####
              ######       ##
                           ########
                           #######
KOLVRT | DEV | AArch64 | EL1
[OK] console: UART ready
[OK] memory: 256 MiB RAM; 64137 free pages (4 KiB/page)
[OK] exceptions: vectors installed
[OK] protection: MMU enabled; W^X enforced; heap initialized
[OK] interrupts: GICv3 and physical timer initialized
[OK] SMP: 2 CPUs participating
[DEBUG] process: slot=0 generation=1 owner=0 state=Creating rollback=None
[DEBUG] process: slot=0 generation=1 owner=0 state=Prepared rollback=None
[DEBUG] process: slot=0 generation=1 owner=0 state=Admitted rollback=None
[DEBUG] process: slot=1 generation=1 owner=0 state=Creating rollback=None
[DEBUG] process: slot=1 generation=1 owner=0 state=Prepared rollback=None
[DEBUG] process: slot=1 generation=1 owner=0 state=Admitted rollback=None
[DEBUG] handles: process_slot=1 process_generation=1 capacity=8 active=2 lifecycle=retiring
[DEBUG] handles: slot=0 generation=1 kind=Endpoint
[DEBUG] handles: slot=1 generation=1 kind=Endpoint
[DEBUG] process: slot=1 generation=1 owner=0 state=Completed rollback=None
[DEBUG] handles: process_slot=0 process_generation=1 capacity=8 active=2 lifecycle=retiring
[DEBUG] handles: slot=0 generation=1 kind=Endpoint
[DEBUG] handles: slot=1 generation=1 kind=Endpoint
[DEBUG] process: slot=0 generation=1 owner=0 state=Completed rollback=None
[DEBUG] process: slot=1 generation=1 owner=0 state=Reclaiming rollback=None
[DEBUG] process: slot=1 generation=1 owner=0 state=Free rollback=None
[DEBUG] process: slot=0 generation=1 owner=0 state=Reclaiming rollback=None
[DEBUG] process: slot=0 generation=1 owner=0 state=Free rollback=None
[OK] boot: validation complete; powering off (not a running system)
    Finished `release` profile [optimized + debuginfo] target(s) in 0.03s
   Compiling kolvrt-kernel v0.1.0 (C:\Users\life\.codex\worktrees\arena-clock-passport\KOLVRT\crates\kernel)
    Finished `release` profile [optimized + debuginfo] target(s) in 2.92s
[OK] build: target/kernel/prod-native-apps.elf (1576376 bytes ELF; 525692 bytes loaded)

                      #######
                    ##########
                          ###       ######
            ###           ###         ######
          #######         ###           #####
         ##########       ###          #####
        ###     ####      ###        ####
                  ####    ###      ####
                    ####  ###    ####          #
                      ### ###  ####            ###
                        #########              ####
     ##############################################
     ####               ########
     ####              ##########
       ##           ####   ##  ####
                  ####     ##    ####
                 ###       ##      ####        #
               ###         ##        ####   ####
             ####          ##          ########
             #####         ##            ####
              ######       ##
                           ########
                           #######
KOLVRT | PROD | AArch64 | EL1
[OK] console: UART ready
[OK] memory: 256 MiB RAM; 64627 free pages (4 KiB/page)
[OK] exceptions: vectors installed
[OK] protection: MMU enabled; W^X enforced; heap initialized
[OK] interrupts: GICv3 and physical timer initialized
[OK] SMP: 2 CPUs participating
[OK] boot: validation complete; powering off (not a running system)
    Finished `release` profile [optimized + debuginfo] target(s) in 0.03s
   Compiling kolvrt-kernel v0.1.0 (C:\Users\life\.codex\worktrees\arena-clock-passport\KOLVRT\crates\kernel)
    Finished `release` profile [optimized + debuginfo] target(s) in 2.90s
[OK] build: target/kernel/prod-native-apps.elf (1576376 bytes ELF; 525692 bytes loaded)

                      #######
                    ##########
                          ###       ######
            ###           ###         ######
          #######         ###           #####
         ##########       ###          #####
        ###     ####      ###        ####
                  ####    ###      ####
                    ####  ###    ####          #
                      ### ###  ####            ###
                        #########              ####
     ##############################################
     ####               ########
     ####              ##########
       ##           ####   ##  ####
                  ####     ##    ####
                 ###       ##      ####        #
               ###         ##        ####   ####
             ####          ##          ########
             #####         ##            ####
              ######       ##
                           ########
                           #######
KOLVRT | PROD | AArch64 | EL1
[OK] console: UART ready
[OK] memory: 256 MiB RAM; 64627 free pages (4 KiB/page)
[OK] exceptions: vectors installed
[OK] protection: MMU enabled; W^X enforced; heap initialized
[OK] interrupts: GICv3 and physical timer initialized
[OK] SMP: 2 CPUs participating
[OK] boot: validation complete; powering off (not a running system)
    Finished `release` profile [optimized + debuginfo] target(s) in 0.03s
    Finished `release` profile [optimized + debuginfo] target(s) in 0.03s
[OK] build: target/kernel/prod-native-apps.elf (1576376 bytes ELF; 525692 bytes loaded)

                      #######
                    ##########
                          ###       ######
            ###           ###         ######
          #######         ###           #####
         ##########       ###          #####
        ###     ####      ###        ####
                  ####    ###      ####
                    ####  ###    ####          #
                      ### ###  ####            ###
                        #########              ####
     ##############################################
     ####               ########
     ####              ##########
       ##           ####   ##  ####
                  ####     ##    ####
                 ###       ##      ####        #
               ###         ##        ####   ####
             ####          ##          ########
             #####         ##            ####
              ######       ##
                           ########
                           #######
KOLVRT | PROD | AArch64 | EL1
[OK] console: UART ready
[OK] memory: 256 MiB RAM; 64627 free pages (4 KiB/page)
[OK] exceptions: vectors installed
[OK] protection: MMU enabled; W^X enforced; heap initialized
[OK] interrupts: GICv3 and physical timer initialized
[OK] SMP: 2 CPUs participating
[OK] boot: validation complete; powering off (not a running system)
    Finished `release` profile [optimized + debuginfo] target(s) in 0.03s
   Compiling kolvrt-kernel v0.1.0 (C:\Users\life\.codex\worktrees\arena-clock-passport\KOLVRT\crates\kernel)
    Finished `release` profile [optimized + debuginfo] target(s) in 2.81s
[OK] build: target/kernel/prod-native-apps.elf (1576376 bytes ELF; 525692 bytes loaded)

                      #######
                    ##########
                          ###       ######
            ###           ###         ######
          #######         ###           #####
         ##########       ###          #####
        ###     ####      ###        ####
                  ####    ###      ####
                    ####  ###    ####          #
                      ### ###  ####            ###
                        #########              ####
     ##############################################
     ####               ########
     ####              ##########
       ##           ####   ##  ####
                  ####     ##    ####
                 ###       ##      ####        #
               ###         ##        ####   ####
             ####          ##          ########
             #####         ##            ####
              ######       ##
                           ########
                           #######
KOLVRT | PROD | AArch64 | EL1
[OK] console: UART ready
[OK] memory: 256 MiB RAM; 64627 free pages (4 KiB/page)
[OK] exceptions: vectors installed
[OK] protection: MMU enabled; W^X enforced; heap initialized
[OK] interrupts: GICv3 and physical timer initialized
[OK] SMP: 2 CPUs participating
[OK] boot: validation complete; powering off (not a running system)
    Finished `dev` profile [unoptimized + debuginfo] target(s) in 0.03s
   Compiling kolvrt-kernel v0.1.0 (C:\Users\life\.codex\worktrees\arena-clock-passport\KOLVRT\crates\kernel)
    Finished `dev` profile [unoptimized + debuginfo] target(s) in 0.55s
[OK] build: target/kernel/dev-native-apps.elf (7345368 bytes ELF; 3453399 bytes loaded)

                      #######
                    ##########
                          ###       ######
            ###           ###         ######
          #######         ###           #####
         ##########       ###          #####
        ###     ####      ###        ####
                  ####    ###      ####
                    ####  ###    ####          #
                      ### ###  ####            ###
                        #########              ####
     ##############################################
     ####               ########
     ####              ##########
       ##           ####   ##  ####
                  ####     ##    ####
                 ###       ##      ####        #
               ###         ##        ####   ####
             ####          ##          ########
             #####         ##            ####
              ######       ##
                           ########
                           #######
KOLVRT | DEV | AArch64 | EL1
[OK] console: UART ready
[OK] memory: 256 MiB RAM; 63912 free pages (4 KiB/page)
[OK] exceptions: vectors installed
[OK] protection: MMU enabled; W^X enforced; heap initialized
[OK] interrupts: GICv3 and physical timer initialized
[OK] SMP: 2 CPUs participating
[DEBUG] process: slot=0 generation=1 owner=0 state=Creating rollback=None
[DEBUG] process: slot=0 generation=1 owner=0 state=Prepared rollback=None
[DEBUG] process: slot=0 generation=1 owner=0 state=Admitted rollback=None
[DEBUG] process: slot=4 generation=1 owner=1 state=Creating rollback=None
[DEBUG] process: slot=4 generation=1 owner=1 state=Prepared rollback=None
[DEBUG] process: slot=4 generation=1 owner=1 state=Admitted rollback=None
[DEBUG] handles: process_slot=4 process_generation=1 capacity=8 active=2 lifecycle=retiring
[DEBUG] handles: slot=0 generation=1 kind=Endpoint
[DEBUG] handles: slot=1 generation=1 kind=Endpoint
[DEBUG] process: slot=4 generation=1 owner=1 state=Completed rollback=None
[DEBUG] handles: process_slot=0 process_generation=1 capacity=8 active=2 lifecycle=retiring
[DEBUG] handles: slot=0 generation=1 kind=Endpoint
[DEBUG] handles: slot=1 generation=1 kind=Endpoint
[DEBUG] process: slot=0 generation=1 owner=0 state=Completed rollback=None
[DEBUG] process: slot=4 generation=1 owner=1 state=Reclaiming rollback=None
[DEBUG] process: slot=4 generation=1 owner=1 state=Free rollback=None
[DEBUG] process: slot=0 generation=1 owner=0 state=Reclaiming rollback=None
[DEBUG] process: slot=0 generation=1 owner=0 state=Free rollback=None
[OK] boot: validation complete; powering off (not a running system)
    Finished `dev` profile [unoptimized + debuginfo] target(s) in 0.03s
   Compiling kolvrt-kernel v0.1.0 (C:\Users\life\.codex\worktrees\arena-clock-passport\KOLVRT\crates\kernel)
    Finished `dev` profile [unoptimized + debuginfo] target(s) in 0.49s
[OK] build: target/kernel/dev-native-apps.elf (7345368 bytes ELF; 3453399 bytes loaded)

                      #######
                    ##########
                          ###       ######
            ###           ###         ######
          #######         ###           #####
         ##########       ###          #####
        ###     ####      ###        ####
                  ####    ###      ####
                    ####  ###    ####          #
                      ### ###  ####            ###
                        #########              ####
     ##############################################
     ####               ########
     ####              ##########
       ##           ####   ##  ####
                  ####     ##    ####
                 ###       ##      ####        #
               ###         ##        ####   ####
             ####          ##          ########
             #####         ##            ####
              ######       ##
                           ########
                           #######
KOLVRT | DEV | AArch64 | EL1
[OK] console: UART ready
[OK] memory: 256 MiB RAM; 63912 free pages (4 KiB/page)
[OK] exceptions: vectors installed
[OK] protection: MMU enabled; W^X enforced; heap initialized
[OK] interrupts: GICv3 and physical timer initialized
[OK] SMP: 2 CPUs participating
[DEBUG] process: slot=0 generation=1 owner=0 state=Creating rollback=None
[DEBUG] process: slot=0 generation=1 owner=0 state=Prepared rollback=None
[DEBUG] process: slot=0 generation=1 owner=0 state=Admitted rollback=None
[DEBUG] process: slot=4 generation=1 owner=1 state=Creating rollback=None
[DEBUG] process: slot=4 generation=1 owner=1 state=Prepared rollback=None
[DEBUG] process: slot=4 generation=1 owner=1 state=Admitted rollback=None
[DEBUG] handles: process_slot=4 process_generation=1 capacity=8 active=2 lifecycle=retiring
[DEBUG] handles: slot=0 generation=1 kind=Endpoint
[DEBUG] handles: slot=1 generation=1 kind=Endpoint
[DEBUG] process: slot=4 generation=1 owner=1 state=Completed rollback=None
[DEBUG] handles: process_slot=0 process_generation=1 capacity=8 active=2 lifecycle=retiring
[DEBUG] handles: slot=0 generation=1 kind=Endpoint
[DEBUG] handles: slot=1 generation=1 kind=Endpoint
[DEBUG] process: slot=0 generation=1 owner=0 state=Completed rollback=None
[DEBUG] process: slot=4 generation=1 owner=1 state=Reclaiming rollback=None
[DEBUG] process: slot=4 generation=1 owner=1 state=Free rollback=None
[DEBUG] process: slot=0 generation=1 owner=0 state=Reclaiming rollback=None
[DEBUG] process: slot=0 generation=1 owner=0 state=Free rollback=None
[OK] boot: validation complete; powering off (not a running system)
    Finished `dev` profile [unoptimized + debuginfo] target(s) in 0.03s
    Finished `dev` profile [unoptimized + debuginfo] target(s) in 0.03s
[OK] build: target/kernel/dev-native-apps.elf (7345368 bytes ELF; 3453399 bytes loaded)

                      #######
                    ##########
                          ###       ######
            ###           ###         ######
          #######         ###           #####
         ##########       ###          #####
        ###     ####      ###        ####
                  ####    ###      ####
                    ####  ###    ####          #
                      ### ###  ####            ###
                        #########              ####
     ##############################################
     ####               ########
     ####              ##########
       ##           ####   ##  ####
                  ####     ##    ####
                 ###       ##      ####        #
               ###         ##        ####   ####
             ####          ##          ########
             #####         ##            ####
              ######       ##
                           ########
                           #######
KOLVRT | DEV | AArch64 | EL1
[OK] console: UART ready
[OK] memory: 256 MiB RAM; 63912 free pages (4 KiB/page)
[OK] exceptions: vectors installed
[OK] protection: MMU enabled; W^X enforced; heap initialized
[OK] interrupts: GICv3 and physical timer initialized
[OK] SMP: 2 CPUs participating
[DEBUG] process: slot=0 generation=1 owner=0 state=Creating rollback=None
[DEBUG] process: slot=0 generation=1 owner=0 state=Prepared rollback=None
[DEBUG] process: slot=0 generation=1 owner=0 state=Admitted rollback=None
[DEBUG] process: slot=4 generation=1 owner=1 state=Creating rollback=None
[DEBUG] process: slot=4 generation=1 owner=1 state=Prepared rollback=None
[DEBUG] process: slot=4 generation=1 owner=1 state=Admitted rollback=None
[DEBUG] handles: process_slot=4 process_generation=1 capacity=8 active=2 lifecycle=retiring
[DEBUG] handles: slot=0 generation=1 kind=Endpoint
[DEBUG] handles: slot=1 generation=1 kind=Endpoint
[DEBUG] process: slot=4 generation=1 owner=1 state=Completed rollback=None
[DEBUG] handles: process_slot=0 process_generation=1 capacity=8 active=2 lifecycle=retiring
[DEBUG] handles: slot=0 generation=1 kind=Endpoint
[DEBUG] handles: slot=1 generation=1 kind=Endpoint
[DEBUG] process: slot=0 generation=1 owner=0 state=Completed rollback=None
[DEBUG] process: slot=4 generation=1 owner=1 state=Reclaiming rollback=None
[DEBUG] process: slot=4 generation=1 owner=1 state=Free rollback=None
[DEBUG] process: slot=0 generation=1 owner=0 state=Reclaiming rollback=None
[DEBUG] process: slot=0 generation=1 owner=0 state=Free rollback=None
[OK] boot: validation complete; powering off (not a running system)
    Finished `dev` profile [unoptimized + debuginfo] target(s) in 0.03s
   Compiling kolvrt-kernel v0.1.0 (C:\Users\life\.codex\worktrees\arena-clock-passport\KOLVRT\crates\kernel)
    Finished `dev` profile [unoptimized + debuginfo] target(s) in 0.50s
[OK] build: target/kernel/dev-native-apps.elf (7345368 bytes ELF; 3453399 bytes loaded)

                      #######
                    ##########
                          ###       ######
            ###           ###         ######
          #######         ###           #####
         ##########       ###          #####
        ###     ####      ###        ####
                  ####    ###      ####
                    ####  ###    ####          #
                      ### ###  ####            ###
                        #########              ####
     ##############################################
     ####               ########
     ####              ##########
       ##           ####   ##  ####
                  ####     ##    ####
                 ###       ##      ####        #
               ###         ##        ####   ####
             ####          ##          ########
             #####         ##            ####
              ######       ##
                           ########
                           #######
KOLVRT | DEV | AArch64 | EL1
[OK] console: UART ready
[OK] memory: 256 MiB RAM; 63912 free pages (4 KiB/page)
[OK] exceptions: vectors installed
[OK] protection: MMU enabled; W^X enforced; heap initialized
[OK] interrupts: GICv3 and physical timer initialized
[OK] SMP: 2 CPUs participating
[DEBUG] process: slot=0 generation=1 owner=0 state=Creating rollback=None
[DEBUG] process: slot=0 generation=1 owner=0 state=Prepared rollback=None
[DEBUG] process: slot=0 generation=1 owner=0 state=Admitted rollback=None
[DEBUG] process: slot=4 generation=1 owner=1 state=Creating rollback=None
[DEBUG] process: slot=4 generation=1 owner=1 state=Prepared rollback=None
[DEBUG] process: slot=4 generation=1 owner=1 state=Admitted rollback=None
[DEBUG] handles: process_slot=4 process_generation=1 capacity=8 active=2 lifecycle=retiring
[DEBUG] handles: slot=0 generation=1 kind=Endpoint
[DEBUG] handles: slot=1 generation=1 kind=Endpoint
[DEBUG] process: slot=4 generation=1 owner=1 state=Completed rollback=None
[DEBUG] handles: process_slot=0 process_generation=1 capacity=8 active=2 lifecycle=retiring
[DEBUG] handles: slot=0 generation=1 kind=Endpoint
[DEBUG] handles: slot=1 generation=1 kind=Endpoint
[DEBUG] process: slot=0 generation=1 owner=0 state=Completed rollback=None
[DEBUG] process: slot=4 generation=1 owner=1 state=Reclaiming rollback=None
[DEBUG] process: slot=4 generation=1 owner=1 state=Free rollback=None
[DEBUG] process: slot=0 generation=1 owner=0 state=Reclaiming rollback=None
[DEBUG] process: slot=0 generation=1 owner=0 state=Free rollback=None
[OK] boot: validation complete; powering off (not a running system)
    Finished `release` profile [optimized + debuginfo] target(s) in 0.03s
   Compiling kolvrt-kernel v0.1.0 (C:\Users\life\.codex\worktrees\arena-clock-passport\KOLVRT\crates\kernel)
    Finished `release` profile [optimized + debuginfo] target(s) in 2.86s
[OK] build: target/kernel/prod-native-apps.elf (1617344 bytes ELF; 568788 bytes loaded)

                      #######
                    ##########
                          ###       ######
            ###           ###         ######
          #######         ###           #####
         ##########       ###          #####
        ###     ####      ###        ####
                  ####    ###      ####
                    ####  ###    ####          #
                      ### ###  ####            ###
                        #########              ####
     ##############################################
     ####               ########
     ####              ##########
       ##           ####   ##  ####
                  ####     ##    ####
                 ###       ##      ####        #
               ###         ##        ####   ####
             ####          ##          ########
             #####         ##            ####
              ######       ##
                           ########
                           #######
KOLVRT | PROD | AArch64 | EL1
[OK] console: UART ready
[OK] memory: 256 MiB RAM; 64617 free pages (4 KiB/page)
[OK] exceptions: vectors installed
[OK] protection: MMU enabled; W^X enforced; heap initialized
[OK] interrupts: GICv3 and physical timer initialized
[OK] SMP: 2 CPUs participating
[OK] boot: validation complete; powering off (not a running system)
    Finished `release` profile [optimized + debuginfo] target(s) in 0.03s
   Compiling kolvrt-kernel v0.1.0 (C:\Users\life\.codex\worktrees\arena-clock-passport\KOLVRT\crates\kernel)
    Finished `release` profile [optimized + debuginfo] target(s) in 2.83s
[OK] build: target/kernel/prod-native-apps.elf (1617344 bytes ELF; 568788 bytes loaded)

                      #######
                    ##########
                          ###       ######
            ###           ###         ######
          #######         ###           #####
         ##########       ###          #####
        ###     ####      ###        ####
                  ####    ###      ####
                    ####  ###    ####          #
                      ### ###  ####            ###
                        #########              ####
     ##############################################
     ####               ########
     ####              ##########
       ##           ####   ##  ####
                  ####     ##    ####
                 ###       ##      ####        #
               ###         ##        ####   ####
             ####          ##          ########
             #####         ##            ####
              ######       ##
                           ########
                           #######
KOLVRT | PROD | AArch64 | EL1
[OK] console: UART ready
[OK] memory: 256 MiB RAM; 64617 free pages (4 KiB/page)
[OK] exceptions: vectors installed
[OK] protection: MMU enabled; W^X enforced; heap initialized
[OK] interrupts: GICv3 and physical timer initialized
[OK] SMP: 2 CPUs participating
[OK] boot: validation complete; powering off (not a running system)
    Finished `release` profile [optimized + debuginfo] target(s) in 0.03s
    Finished `release` profile [optimized + debuginfo] target(s) in 0.03s
[OK] build: target/kernel/prod-native-apps.elf (1617344 bytes ELF; 568788 bytes loaded)

                      #######
                    ##########
                          ###       ######
            ###           ###         ######
          #######         ###           #####
         ##########       ###          #####
        ###     ####      ###        ####
                  ####    ###      ####
                    ####  ###    ####          #
                      ### ###  ####            ###
                        #########              ####
     ##############################################
     ####               ########
     ####              ##########
       ##           ####   ##  ####
                  ####     ##    ####
                 ###       ##      ####        #
               ###         ##        ####   ####
             ####          ##          ########
             #####         ##            ####
              ######       ##
                           ########
                           #######
KOLVRT | PROD | AArch64 | EL1
[OK] console: UART ready
[OK] memory: 256 MiB RAM; 64617 free pages (4 KiB/page)
[OK] exceptions: vectors installed
[OK] protection: MMU enabled; W^X enforced; heap initialized
[OK] interrupts: GICv3 and physical timer initialized
[OK] SMP: 2 CPUs participating
[OK] boot: validation complete; powering off (not a running system)
    Finished `release` profile [optimized + debuginfo] target(s) in 0.03s
   Compiling kolvrt-kernel v0.1.0 (C:\Users\life\.codex\worktrees\arena-clock-passport\KOLVRT\crates\kernel)
    Finished `release` profile [optimized + debuginfo] target(s) in 2.83s
[OK] build: target/kernel/prod-native-apps.elf (1617344 bytes ELF; 568788 bytes loaded)

                      #######
                    ##########
                          ###       ######
            ###           ###         ######
          #######         ###           #####
         ##########       ###          #####
        ###     ####      ###        ####
                  ####    ###      ####
                    ####  ###    ####          #
                      ### ###  ####            ###
                        #########              ####
     ##############################################
     ####               ########
     ####              ##########
       ##           ####   ##  ####
                  ####     ##    ####
                 ###       ##      ####        #
               ###         ##        ####   ####
             ####          ##          ########
             #####         ##            ####
              ######       ##
                           ########
                           #######
KOLVRT | PROD | AArch64 | EL1
[OK] console: UART ready
[OK] memory: 256 MiB RAM; 64617 free pages (4 KiB/page)
[OK] exceptions: vectors installed
[OK] protection: MMU enabled; W^X enforced; heap initialized
[OK] interrupts: GICv3 and physical timer initialized
[OK] SMP: 2 CPUs participating
[OK] boot: validation complete; powering off (not a running system)
    Finished `dev` profile [unoptimized + debuginfo] target(s) in 0.03s
   Compiling kolvrt-kernel v0.1.0 (C:\Users\life\.codex\worktrees\arena-clock-passport\KOLVRT\crates\kernel)
    Finished `dev` profile [unoptimized + debuginfo] target(s) in 0.56s
[OK] build: target/kernel/dev-native-apps.elf (7345368 bytes ELF; 3453399 bytes loaded)

                      #######
                    ##########
                          ###       ######
            ###           ###         ######
          #######         ###           #####
         ##########       ###          #####
        ###     ####      ###        ####
                  ####    ###      ####
                    ####  ###    ####          #
                      ### ###  ####            ###
                        #########              ####
     ##############################################
     ####               ########
     ####              ##########
       ##           ####   ##  ####
                  ####     ##    ####
                 ###       ##      ####        #
               ###         ##        ####   ####
             ####          ##          ########
             #####         ##            ####
              ######       ##
                           ########
                           #######
KOLVRT | DEV | AArch64 | EL1
[OK] console: UART ready
[OK] memory: 256 MiB RAM; 63912 free pages (4 KiB/page)
[OK] exceptions: vectors installed
[OK] protection: MMU enabled; W^X enforced; heap initialized
[OK] interrupts: GICv3 and physical timer initialized
[OK] SMP: 2 CPUs participating
[DEBUG] process: slot=0 generation=1 owner=0 state=Creating rollback=None
[DEBUG] process: slot=0 generation=1 owner=0 state=Prepared rollback=None
[DEBUG] process: slot=0 generation=1 owner=0 state=Admitted rollback=None
[DEBUG] process: slot=4 generation=1 owner=1 state=Creating rollback=None
[DEBUG] process: slot=4 generation=1 owner=1 state=Prepared rollback=None
[DEBUG] process: slot=4 generation=1 owner=1 state=Admitted rollback=None
[DEBUG] process: slot=1 generation=1 owner=0 state=Creating rollback=None
[DEBUG] process: slot=1 generation=1 owner=0 state=Prepared rollback=None
[DEBUG] process: slot=1 generation=1 owner=0 state=Admitted rollback=None
[DEBUG] handles: process_slot=1 process_generation=1 capacity=8 active=3 lifecycle=retiring
[DEBUG] handles: slot=0 generation=1 kind=Endpoint
[DEBUG] handles: slot=1 generation=1 kind=Endpoint
[DEBUG] handles: slot=2 generation=1 kind=Endpoint
[DEBUG] process: slot=1 generation=1 owner=0 state=Completed rollback=None
[DEBUG] handles: process_slot=4 process_generation=1 capacity=8 active=2 lifecycle=retiring
[DEBUG] handles: slot=0 generation=1 kind=Endpoint
[DEBUG] handles: slot=1 generation=1 kind=Endpoint
[DEBUG] process: slot=4 generation=1 owner=1 state=Completed rollback=None
[DEBUG] handles: process_slot=0 process_generation=1 capacity=8 active=4 lifecycle=retiring
[DEBUG] handles: slot=0 generation=1 kind=Endpoint
[DEBUG] handles: slot=1 generation=1 kind=Endpoint
[DEBUG] handles: slot=2 generation=1 kind=Endpoint
[DEBUG] handles: slot=3 generation=1 kind=Endpoint
[DEBUG] process: slot=0 generation=1 owner=0 state=Completed rollback=None
[DEBUG] process: slot=4 generation=1 owner=1 state=Reclaiming rollback=None
[DEBUG] process: slot=4 generation=1 owner=1 state=Free rollback=None
[DEBUG] process: slot=1 generation=1 owner=0 state=Reclaiming rollback=None
[DEBUG] process: slot=1 generation=1 owner=0 state=Free rollback=None
[DEBUG] process: slot=0 generation=1 owner=0 state=Reclaiming rollback=None
[DEBUG] process: slot=0 generation=1 owner=0 state=Free rollback=None
[OK] boot: validation complete; powering off (not a running system)
    Finished `dev` profile [unoptimized + debuginfo] target(s) in 0.03s
   Compiling kolvrt-kernel v0.1.0 (C:\Users\life\.codex\worktrees\arena-clock-passport\KOLVRT\crates\kernel)
    Finished `dev` profile [unoptimized + debuginfo] target(s) in 0.54s
[OK] build: target/kernel/dev-native-apps.elf (7345368 bytes ELF; 3453399 bytes loaded)

                      #######
                    ##########
                          ###       ######
            ###           ###         ######
          #######         ###           #####
         ##########       ###          #####
        ###     ####      ###        ####
                  ####    ###      ####
                    ####  ###    ####          #
                      ### ###  ####            ###
                        #########              ####
     ##############################################
     ####               ########
     ####              ##########
       ##           ####   ##  ####
                  ####     ##    ####
                 ###       ##      ####        #
               ###         ##        ####   ####
             ####          ##          ########
             #####         ##            ####
              ######       ##
                           ########
                           #######
KOLVRT | DEV | AArch64 | EL1
[OK] console: UART ready
[OK] memory: 256 MiB RAM; 63912 free pages (4 KiB/page)
[OK] exceptions: vectors installed
[OK] protection: MMU enabled; W^X enforced; heap initialized
[OK] interrupts: GICv3 and physical timer initialized
[OK] SMP: 2 CPUs participating
[DEBUG] process: slot=0 generation=1 owner=0 state=Creating rollback=None
[DEBUG] process: slot=0 generation=1 owner=0 state=Prepared rollback=None
[DEBUG] process: slot=0 generation=1 owner=0 state=Admitted rollback=None
[DEBUG] process: slot=4 generation=1 owner=1 state=Creating rollback=None
[DEBUG] process: slot=4 generation=1 owner=1 state=Prepared rollback=None
[DEBUG] process: slot=4 generation=1 owner=1 state=Admitted rollback=None
[DEBUG] process: slot=1 generation=1 owner=0 state=Creating rollback=None
[DEBUG] process: slot=1 generation=1 owner=0 state=Prepared rollback=None
[DEBUG] process: slot=1 generation=1 owner=0 state=Admitted rollback=None
[DEBUG] handles: process_slot=1 process_generation=1 capacity=8 active=3 lifecycle=retiring
[DEBUG] handles: slot=0 generation=1 kind=Endpoint
[DEBUG] handles: slot=1 generation=1 kind=Endpoint
[DEBUG] handles: slot=2 generation=1 kind=Endpoint
[DEBUG] process: slot=1 generation=1 owner=0 state=Completed rollback=None
[DEBUG] handles: process_slot=4 process_generation=1 capacity=8 active=2 lifecycle=retiring
[DEBUG] handles: slot=0 generation=1 kind=Endpoint
[DEBUG] handles: slot=1 generation=1 kind=Endpoint
[DEBUG] process: slot=4 generation=1 owner=1 state=Completed rollback=None
[DEBUG] handles: process_slot=0 process_generation=1 capacity=8 active=4 lifecycle=retiring
[DEBUG] handles: slot=0 generation=1 kind=Endpoint
[DEBUG] handles: slot=1 generation=1 kind=Endpoint
[DEBUG] handles: slot=2 generation=1 kind=Endpoint
[DEBUG] handles: slot=3 generation=1 kind=Endpoint
[DEBUG] process: slot=0 generation=1 owner=0 state=Completed rollback=None
[DEBUG] process: slot=4 generation=1 owner=1 state=Reclaiming rollback=None
[DEBUG] process: slot=4 generation=1 owner=1 state=Free rollback=None
[DEBUG] process: slot=1 generation=1 owner=0 state=Reclaiming rollback=None
[DEBUG] process: slot=1 generation=1 owner=0 state=Free rollback=None
[DEBUG] process: slot=0 generation=1 owner=0 state=Reclaiming rollback=None
[DEBUG] process: slot=0 generation=1 owner=0 state=Free rollback=None
[OK] boot: validation complete; powering off (not a running system)
    Finished `dev` profile [unoptimized + debuginfo] target(s) in 0.03s
    Finished `dev` profile [unoptimized + debuginfo] target(s) in 0.03s
[OK] build: target/kernel/dev-native-apps.elf (7345368 bytes ELF; 3453399 bytes loaded)

                      #######
                    ##########
                          ###       ######
            ###           ###         ######
          #######         ###           #####
         ##########       ###          #####
        ###     ####      ###        ####
                  ####    ###      ####
                    ####  ###    ####          #
                      ### ###  ####            ###
                        #########              ####
     ##############################################
     ####               ########
     ####              ##########
       ##           ####   ##  ####
                  ####     ##    ####
                 ###       ##      ####        #
               ###         ##        ####   ####
             ####          ##          ########
             #####         ##            ####
              ######       ##
                           ########
                           #######
KOLVRT | DEV | AArch64 | EL1
[OK] console: UART ready
[OK] memory: 256 MiB RAM; 63912 free pages (4 KiB/page)
[OK] exceptions: vectors installed
[OK] protection: MMU enabled; W^X enforced; heap initialized
[OK] interrupts: GICv3 and physical timer initialized
[OK] SMP: 2 CPUs participating
[DEBUG] process: slot=0 generation=1 owner=0 state=Creating rollback=None
[DEBUG] process: slot=0 generation=1 owner=0 state=Prepared rollback=None
[DEBUG] process: slot=0 generation=1 owner=0 state=Admitted rollback=None
[DEBUG] process: slot=4 generation=1 owner=1 state=Creating rollback=None
[DEBUG] process: slot=4 generation=1 owner=1 state=Prepared rollback=None
[DEBUG] process: slot=4 generation=1 owner=1 state=Admitted rollback=None
[DEBUG] process: slot=1 generation=1 owner=0 state=Creating rollback=None
[DEBUG] process: slot=1 generation=1 owner=0 state=Prepared rollback=None
[DEBUG] process: slot=1 generation=1 owner=0 state=Admitted rollback=None
[DEBUG] handles: process_slot=1 process_generation=1 capacity=8 active=3 lifecycle=retiring
[DEBUG] handles: slot=0 generation=1 kind=Endpoint
[DEBUG] handles: slot=1 generation=1 kind=Endpoint
[DEBUG] handles: slot=2 generation=1 kind=Endpoint
[DEBUG] process: slot=1 generation=1 owner=0 state=Completed rollback=None
[DEBUG] handles: process_slot=4 process_generation=1 capacity=8 active=2 lifecycle=retiring
[DEBUG] handles: slot=0 generation=1 kind=Endpoint
[DEBUG] handles: slot=1 generation=1 kind=Endpoint
[DEBUG] process: slot=4 generation=1 owner=1 state=Completed rollback=None
[DEBUG] handles: process_slot=0 process_generation=1 capacity=8 active=4 lifecycle=retiring
[DEBUG] handles: slot=0 generation=1 kind=Endpoint
[DEBUG] handles: slot=1 generation=1 kind=Endpoint
[DEBUG] handles: slot=2 generation=1 kind=Endpoint
[DEBUG] handles: slot=3 generation=1 kind=Endpoint
[DEBUG] process: slot=0 generation=1 owner=0 state=Completed rollback=None
[DEBUG] process: slot=4 generation=1 owner=1 state=Reclaiming rollback=None
[DEBUG] process: slot=4 generation=1 owner=1 state=Free rollback=None
[DEBUG] process: slot=1 generation=1 owner=0 state=Reclaiming rollback=None
[DEBUG] process: slot=1 generation=1 owner=0 state=Free rollback=None
[DEBUG] process: slot=0 generation=1 owner=0 state=Reclaiming rollback=None
[DEBUG] process: slot=0 generation=1 owner=0 state=Free rollback=None
[OK] boot: validation complete; powering off (not a running system)
    Finished `dev` profile [unoptimized + debuginfo] target(s) in 0.03s
   Compiling kolvrt-kernel v0.1.0 (C:\Users\life\.codex\worktrees\arena-clock-passport\KOLVRT\crates\kernel)
    Finished `dev` profile [unoptimized + debuginfo] target(s) in 0.50s
[OK] build: target/kernel/dev-native-apps.elf (7345368 bytes ELF; 3453399 bytes loaded)

                      #######
                    ##########
                          ###       ######
            ###           ###         ######
          #######         ###           #####
         ##########       ###          #####
        ###     ####      ###        ####
                  ####    ###      ####
                    ####  ###    ####          #
                      ### ###  ####            ###
                        #########              ####
     ##############################################
     ####               ########
     ####              ##########
       ##           ####   ##  ####
                  ####     ##    ####
                 ###       ##      ####        #
               ###         ##        ####   ####
             ####          ##          ########
             #####         ##            ####
              ######       ##
                           ########
                           #######
KOLVRT | DEV | AArch64 | EL1
[OK] console: UART ready
[OK] memory: 256 MiB RAM; 63912 free pages (4 KiB/page)
[OK] exceptions: vectors installed
[OK] protection: MMU enabled; W^X enforced; heap initialized
[OK] interrupts: GICv3 and physical timer initialized
[OK] SMP: 2 CPUs participating
[DEBUG] process: slot=0 generation=1 owner=0 state=Creating rollback=None
[DEBUG] process: slot=0 generation=1 owner=0 state=Prepared rollback=None
[DEBUG] process: slot=0 generation=1 owner=0 state=Admitted rollback=None
[DEBUG] process: slot=4 generation=1 owner=1 state=Creating rollback=None
[DEBUG] process: slot=4 generation=1 owner=1 state=Prepared rollback=None
[DEBUG] process: slot=4 generation=1 owner=1 state=Admitted rollback=None
[DEBUG] process: slot=1 generation=1 owner=0 state=Creating rollback=None
[DEBUG] process: slot=1 generation=1 owner=0 state=Prepared rollback=None
[DEBUG] process: slot=1 generation=1 owner=0 state=Admitted rollback=None
[DEBUG] handles: process_slot=1 process_generation=1 capacity=8 active=3 lifecycle=retiring
[DEBUG] handles: slot=0 generation=1 kind=Endpoint
[DEBUG] handles: slot=1 generation=1 kind=Endpoint
[DEBUG] handles: slot=2 generation=1 kind=Endpoint
[DEBUG] process: slot=1 generation=1 owner=0 state=Completed rollback=None
[DEBUG] handles: process_slot=4 process_generation=1 capacity=8 active=2 lifecycle=retiring
[DEBUG] handles: slot=0 generation=1 kind=Endpoint
[DEBUG] handles: slot=1 generation=1 kind=Endpoint
[DEBUG] process: slot=4 generation=1 owner=1 state=Completed rollback=None
[DEBUG] handles: process_slot=0 process_generation=1 capacity=8 active=4 lifecycle=retiring
[DEBUG] handles: slot=0 generation=1 kind=Endpoint
[DEBUG] handles: slot=1 generation=1 kind=Endpoint
[DEBUG] handles: slot=2 generation=1 kind=Endpoint
[DEBUG] handles: slot=3 generation=1 kind=Endpoint
[DEBUG] process: slot=0 generation=1 owner=0 state=Completed rollback=None
[DEBUG] process: slot=4 generation=1 owner=1 state=Reclaiming rollback=None
[DEBUG] process: slot=4 generation=1 owner=1 state=Free rollback=None
[DEBUG] process: slot=1 generation=1 owner=0 state=Reclaiming rollback=None
[DEBUG] process: slot=1 generation=1 owner=0 state=Free rollback=None
[DEBUG] process: slot=0 generation=1 owner=0 state=Reclaiming rollback=None
[DEBUG] process: slot=0 generation=1 owner=0 state=Free rollback=None
[OK] boot: validation complete; powering off (not a running system)
    Finished `release` profile [optimized + debuginfo] target(s) in 0.03s
   Compiling kolvrt-kernel v0.1.0 (C:\Users\life\.codex\worktrees\arena-clock-passport\KOLVRT\crates\kernel)
    Finished `release` profile [optimized + debuginfo] target(s) in 2.85s
[OK] build: target/kernel/prod-native-apps.elf (1617344 bytes ELF; 568788 bytes loaded)

                      #######
                    ##########
                          ###       ######
            ###           ###         ######
          #######         ###           #####
         ##########       ###          #####
        ###     ####      ###        ####
                  ####    ###      ####
                    ####  ###    ####          #
                      ### ###  ####            ###
                        #########              ####
     ##############################################
     ####               ########
     ####              ##########
       ##           ####   ##  ####
                  ####     ##    ####
                 ###       ##      ####        #
               ###         ##        ####   ####
             ####          ##          ########
             #####         ##            ####
              ######       ##
                           ########
                           #######
KOLVRT | PROD | AArch64 | EL1
[OK] console: UART ready
[OK] memory: 256 MiB RAM; 64617 free pages (4 KiB/page)
[OK] exceptions: vectors installed
[OK] protection: MMU enabled; W^X enforced; heap initialized
[OK] interrupts: GICv3 and physical timer initialized
[OK] SMP: 2 CPUs participating
[OK] boot: validation complete; powering off (not a running system)
    Finished `release` profile [optimized + debuginfo] target(s) in 0.03s
   Compiling kolvrt-kernel v0.1.0 (C:\Users\life\.codex\worktrees\arena-clock-passport\KOLVRT\crates\kernel)
    Finished `release` profile [optimized + debuginfo] target(s) in 2.88s
[OK] build: target/kernel/prod-native-apps.elf (1617344 bytes ELF; 568788 bytes loaded)

                      #######
                    ##########
                          ###       ######
            ###           ###         ######
          #######         ###           #####
         ##########       ###          #####
        ###     ####      ###        ####
                  ####    ###      ####
                    ####  ###    ####          #
                      ### ###  ####            ###
                        #########              ####
     ##############################################
     ####               ########
     ####              ##########
       ##           ####   ##  ####
                  ####     ##    ####
                 ###       ##      ####        #
               ###         ##        ####   ####
             ####          ##          ########
             #####         ##            ####
              ######       ##
                           ########
                           #######
KOLVRT | PROD | AArch64 | EL1
[OK] console: UART ready
[OK] memory: 256 MiB RAM; 64617 free pages (4 KiB/page)
[OK] exceptions: vectors installed
[OK] protection: MMU enabled; W^X enforced; heap initialized
[OK] interrupts: GICv3 and physical timer initialized
[OK] SMP: 2 CPUs participating
[OK] boot: validation complete; powering off (not a running system)
    Finished `release` profile [optimized + debuginfo] target(s) in 0.03s
    Finished `release` profile [optimized + debuginfo] target(s) in 0.03s
[OK] build: target/kernel/prod-native-apps.elf (1617344 bytes ELF; 568788 bytes loaded)

                      #######
                    ##########
                          ###       ######
            ###           ###         ######
          #######         ###           #####
         ##########       ###          #####
        ###     ####      ###        ####
                  ####    ###      ####
                    ####  ###    ####          #
                      ### ###  ####            ###
                        #########              ####
     ##############################################
     ####               ########
     ####              ##########
       ##           ####   ##  ####
                  ####     ##    ####
                 ###       ##      ####        #
               ###         ##        ####   ####
             ####          ##          ########
             #####         ##            ####
              ######       ##
                           ########
                           #######
KOLVRT | PROD | AArch64 | EL1
[OK] console: UART ready
[OK] memory: 256 MiB RAM; 64617 free pages (4 KiB/page)
[OK] exceptions: vectors installed
[OK] protection: MMU enabled; W^X enforced; heap initialized
[OK] interrupts: GICv3 and physical timer initialized
[OK] SMP: 2 CPUs participating
[OK] boot: validation complete; powering off (not a running system)
    Finished `release` profile [optimized + debuginfo] target(s) in 0.03s
   Compiling kolvrt-kernel v0.1.0 (C:\Users\life\.codex\worktrees\arena-clock-passport\KOLVRT\crates\kernel)
    Finished `release` profile [optimized + debuginfo] target(s) in 2.91s
[OK] build: target/kernel/prod-native-apps.elf (1617344 bytes ELF; 568788 bytes loaded)

                      #######
                    ##########
                          ###       ######
            ###           ###         ######
          #######         ###           #####
         ##########       ###          #####
        ###     ####      ###        ####
                  ####    ###      ####
                    ####  ###    ####          #
                      ### ###  ####            ###
                        #########              ####
     ##############################################
     ####               ########
     ####              ##########
       ##           ####   ##  ####
                  ####     ##    ####
                 ###       ##      ####        #
               ###         ##        ####   ####
             ####          ##          ########
             #####         ##            ####
              ######       ##
                           ########
                           #######
KOLVRT | PROD | AArch64 | EL1
[OK] console: UART ready
[OK] memory: 256 MiB RAM; 64617 free pages (4 KiB/page)
[OK] exceptions: vectors installed
[OK] protection: MMU enabled; W^X enforced; heap initialized
[OK] interrupts: GICv3 and physical timer initialized
[OK] SMP: 2 CPUs participating
[OK] boot: validation complete; powering off (not a running system)
    Blocking waiting for file lock on package cache
    Finished `dev` profile [unoptimized + debuginfo] target(s) in 0.05s
    Blocking waiting for file lock on package cache
   Compiling kolvrt-kernel v0.1.0 (C:\Users\life\.codex\worktrees\arena-clock-passport\KOLVRT\crates\kernel)
    Finished `dev` profile [unoptimized + debuginfo] target(s) in 0.62s
[OK] build: target/kernel/dev-native-apps.elf (6423688 bytes ELF; 2530215 bytes loaded)

                      #######
                    ##########
                          ###       ######
            ###           ###         ######
          #######         ###           #####
         ##########       ###          #####
        ###     ####      ###        ####
                  ####    ###      ####
                    ####  ###    ####          #
                      ### ###  ####            ###
                        #########              ####
     ##############################################
     ####               ########
     ####              ##########
       ##           ####   ##  ####
                  ####     ##    ####
                 ###       ##      ####        #
               ###         ##        ####   ####
             ####          ##          ########
             #####         ##            ####
              ######       ##
                           ########
                           #######
KOLVRT | DEV | AArch64 | EL1
[OK] console: UART ready
[OK] memory: 256 MiB RAM; 64137 free pages (4 KiB/page)
[OK] exceptions: vectors installed
[OK] protection: MMU enabled; W^X enforced; heap initialized
[OK] interrupts: GICv3 and physical timer initialized
[OK] SMP: 2 CPUs participating
[DEBUG] process: slot=0 generation=1 owner=0 state=Creating rollback=None
[DEBUG] process: slot=0 generation=1 owner=0 state=Prepared rollback=None
[DEBUG] process: slot=0 generation=1 owner=0 state=Admitted rollback=None
[DEBUG] process: slot=1 generation=1 owner=0 state=Creating rollback=None
[DEBUG] process: slot=1 generation=1 owner=0 state=Prepared rollback=None
[DEBUG] process: slot=1 generation=1 owner=0 state=Admitted rollback=None
[DEBUG] handles: process_slot=1 process_generation=1 capacity=8 active=2 lifecycle=retiring
[DEBUG] handles: slot=0 generation=1 kind=Endpoint
[DEBUG] handles: slot=1 generation=1 kind=Endpoint
[DEBUG] process: slot=1 generation=1 owner=0 state=Completed rollback=None
[DEBUG] handles: process_slot=0 process_generation=1 capacity=8 active=2 lifecycle=retiring
[DEBUG] handles: slot=0 generation=1 kind=Endpoint
[DEBUG] handles: slot=1 generation=1 kind=Endpoint
[DEBUG] process: slot=0 generation=1 owner=0 state=Completed rollback=None
[DEBUG] process: slot=1 generation=1 owner=0 state=Reclaiming rollback=None
[DEBUG] process: slot=1 generation=1 owner=0 state=Free rollback=None
[DEBUG] process: slot=0 generation=1 owner=0 state=Reclaiming rollback=None
[DEBUG] process: slot=0 generation=1 owner=0 state=Free rollback=None
[OK] boot: validation complete; powering off (not a running system)
    Finished `dev` profile [unoptimized + debuginfo] target(s) in 0.03s
   Compiling kolvrt-kernel v0.1.0 (C:\Users\life\.codex\worktrees\arena-clock-passport\KOLVRT\crates\kernel)
    Finished `dev` profile [unoptimized + debuginfo] target(s) in 0.52s
[OK] build: target/kernel/dev-native-apps.elf (6423688 bytes ELF; 2530215 bytes loaded)

                      #######
                    ##########
                          ###       ######
            ###           ###         ######
          #######         ###           #####
         ##########       ###          #####
        ###     ####      ###        ####
                  ####    ###      ####
                    ####  ###    ####          #
                      ### ###  ####            ###
                        #########              ####
     ##############################################
     ####               ########
     ####              ##########
       ##           ####   ##  ####
                  ####     ##    ####
                 ###       ##      ####        #
               ###         ##        ####   ####
             ####          ##          ########
             #####         ##            ####
              ######       ##
                           ########
                           #######
KOLVRT | DEV | AArch64 | EL1
[OK] console: UART ready
[OK] memory: 256 MiB RAM; 64137 free pages (4 KiB/page)
[OK] exceptions: vectors installed
[OK] protection: MMU enabled; W^X enforced; heap initialized
[OK] interrupts: GICv3 and physical timer initialized
[OK] SMP: 2 CPUs participating
[DEBUG] process: slot=0 generation=1 owner=0 state=Creating rollback=None
[DEBUG] process: slot=0 generation=1 owner=0 state=Prepared rollback=None
[DEBUG] process: slot=0 generation=1 owner=0 state=Admitted rollback=None
[DEBUG] process: slot=1 generation=1 owner=0 state=Creating rollback=None
[DEBUG] process: slot=1 generation=1 owner=0 state=Prepared rollback=None
[DEBUG] process: slot=1 generation=1 owner=0 state=Admitted rollback=None
[DEBUG] handles: process_slot=1 process_generation=1 capacity=8 active=2 lifecycle=retiring
[DEBUG] handles: slot=0 generation=1 kind=Endpoint
[DEBUG] handles: slot=1 generation=1 kind=Endpoint
[DEBUG] process: slot=1 generation=1 owner=0 state=Completed rollback=None
[DEBUG] handles: process_slot=0 process_generation=1 capacity=8 active=2 lifecycle=retiring
[DEBUG] handles: slot=0 generation=1 kind=Endpoint
[DEBUG] handles: slot=1 generation=1 kind=Endpoint
[DEBUG] process: slot=0 generation=1 owner=0 state=Completed rollback=None
[DEBUG] process: slot=1 generation=1 owner=0 state=Reclaiming rollback=None
[DEBUG] process: slot=1 generation=1 owner=0 state=Free rollback=None
[DEBUG] process: slot=0 generation=1 owner=0 state=Reclaiming rollback=None
[DEBUG] process: slot=0 generation=1 owner=0 state=Free rollback=None
[OK] boot: validation complete; powering off (not a running system)
    Finished `dev` profile [unoptimized + debuginfo] target(s) in 0.03s
    Finished `dev` profile [unoptimized + debuginfo] target(s) in 0.03s
[OK] build: target/kernel/dev-native-apps.elf (6423688 bytes ELF; 2530215 bytes loaded)

                      #######
                    ##########
                          ###       ######
            ###           ###         ######
          #######         ###           #####
         ##########       ###          #####
        ###     ####      ###        ####
                  ####    ###      ####
                    ####  ###    ####          #
                      ### ###  ####            ###
                        #########              ####
     ##############################################
     ####               ########
     ####              ##########
       ##           ####   ##  ####
                  ####     ##    ####
                 ###       ##      ####        #
               ###         ##        ####   ####
             ####          ##          ########
             #####         ##            ####
              ######       ##
                           ########
                           #######
KOLVRT | DEV | AArch64 | EL1
[OK] console: UART ready
[OK] memory: 256 MiB RAM; 64137 free pages (4 KiB/page)
[OK] exceptions: vectors installed
[OK] protection: MMU enabled; W^X enforced; heap initialized
[OK] interrupts: GICv3 and physical timer initialized
[OK] SMP: 2 CPUs participating
[DEBUG] process: slot=0 generation=1 owner=0 state=Creating rollback=None
[DEBUG] process: slot=0 generation=1 owner=0 state=Prepared rollback=None
[DEBUG] process: slot=0 generation=1 owner=0 state=Admitted rollback=None
[DEBUG] process: slot=1 generation=1 owner=0 state=Creating rollback=None
[DEBUG] process: slot=1 generation=1 owner=0 state=Prepared rollback=None
[DEBUG] process: slot=1 generation=1 owner=0 state=Admitted rollback=None
[DEBUG] handles: process_slot=1 process_generation=1 capacity=8 active=2 lifecycle=retiring
[DEBUG] handles: slot=0 generation=1 kind=Endpoint
[DEBUG] handles: slot=1 generation=1 kind=Endpoint
[DEBUG] process: slot=1 generation=1 owner=0 state=Completed rollback=None
[DEBUG] handles: process_slot=0 process_generation=1 capacity=8 active=2 lifecycle=retiring
[DEBUG] handles: slot=0 generation=1 kind=Endpoint
[DEBUG] handles: slot=1 generation=1 kind=Endpoint
[DEBUG] process: slot=0 generation=1 owner=0 state=Completed rollback=None
[DEBUG] process: slot=1 generation=1 owner=0 state=Reclaiming rollback=None
[DEBUG] process: slot=1 generation=1 owner=0 state=Free rollback=None
[DEBUG] process: slot=0 generation=1 owner=0 state=Reclaiming rollback=None
[DEBUG] process: slot=0 generation=1 owner=0 state=Free rollback=None
[OK] boot: validation complete; powering off (not a running system)
    Finished `dev` profile [unoptimized + debuginfo] target(s) in 0.03s
   Compiling kolvrt-kernel v0.1.0 (C:\Users\life\.codex\worktrees\arena-clock-passport\KOLVRT\crates\kernel)
    Finished `dev` profile [unoptimized + debuginfo] target(s) in 0.52s
[OK] build: target/kernel/dev-native-apps.elf (6423688 bytes ELF; 2530215 bytes loaded)

                      #######
                    ##########
                          ###       ######
            ###           ###         ######
          #######         ###           #####
         ##########       ###          #####
        ###     ####      ###        ####
                  ####    ###      ####
                    ####  ###    ####          #
                      ### ###  ####            ###
                        #########              ####
     ##############################################
     ####               ########
     ####              ##########
       ##           ####   ##  ####
                  ####     ##    ####
                 ###       ##      ####        #
               ###         ##        ####   ####
             ####          ##          ########
             #####         ##            ####
              ######       ##
                           ########
                           #######
KOLVRT | DEV | AArch64 | EL1
[OK] console: UART ready
[OK] memory: 256 MiB RAM; 64137 free pages (4 KiB/page)
[OK] exceptions: vectors installed
[OK] protection: MMU enabled; W^X enforced; heap initialized
[OK] interrupts: GICv3 and physical timer initialized
[OK] SMP: 2 CPUs participating
[DEBUG] process: slot=0 generation=1 owner=0 state=Creating rollback=None
[DEBUG] process: slot=0 generation=1 owner=0 state=Prepared rollback=None
[DEBUG] process: slot=0 generation=1 owner=0 state=Admitted rollback=None
[DEBUG] process: slot=1 generation=1 owner=0 state=Creating rollback=None
[DEBUG] process: slot=1 generation=1 owner=0 state=Prepared rollback=None
[DEBUG] process: slot=1 generation=1 owner=0 state=Admitted rollback=None
[DEBUG] handles: process_slot=1 process_generation=1 capacity=8 active=2 lifecycle=retiring
[DEBUG] handles: slot=0 generation=1 kind=Endpoint
[DEBUG] handles: slot=1 generation=1 kind=Endpoint
[DEBUG] process: slot=1 generation=1 owner=0 state=Completed rollback=None
[DEBUG] handles: process_slot=0 process_generation=1 capacity=8 active=2 lifecycle=retiring
[DEBUG] handles: slot=0 generation=1 kind=Endpoint
[DEBUG] handles: slot=1 generation=1 kind=Endpoint
[DEBUG] process: slot=0 generation=1 owner=0 state=Completed rollback=None
[DEBUG] process: slot=1 generation=1 owner=0 state=Reclaiming rollback=None
[DEBUG] process: slot=1 generation=1 owner=0 state=Free rollback=None
[DEBUG] process: slot=0 generation=1 owner=0 state=Reclaiming rollback=None
[DEBUG] process: slot=0 generation=1 owner=0 state=Free rollback=None
[OK] boot: validation complete; powering off (not a running system)
    Finished `release` profile [optimized + debuginfo] target(s) in 0.03s
   Compiling kolvrt-kernel v0.1.0 (C:\Users\life\.codex\worktrees\arena-clock-passport\KOLVRT\crates\kernel)
    Finished `release` profile [optimized + debuginfo] target(s) in 2.81s
[OK] build: target/kernel/prod-native-apps.elf (1576376 bytes ELF; 525692 bytes loaded)

                      #######
                    ##########
                          ###       ######
            ###           ###         ######
          #######         ###           #####
         ##########       ###          #####
        ###     ####      ###        ####
                  ####    ###      ####
                    ####  ###    ####          #
                      ### ###  ####            ###
                        #########              ####
     ##############################################
     ####               ########
     ####              ##########
       ##           ####   ##  ####
                  ####     ##    ####
                 ###       ##      ####        #
               ###         ##        ####   ####
             ####          ##          ########
             #####         ##            ####
              ######       ##
                           ########
                           #######
KOLVRT | PROD | AArch64 | EL1
[OK] console: UART ready
[OK] memory: 256 MiB RAM; 64627 free pages (4 KiB/page)
[OK] exceptions: vectors installed
[OK] protection: MMU enabled; W^X enforced; heap initialized
[OK] interrupts: GICv3 and physical timer initialized
[OK] SMP: 2 CPUs participating
[OK] boot: validation complete; powering off (not a running system)
    Finished `release` profile [optimized + debuginfo] target(s) in 0.03s
   Compiling kolvrt-kernel v0.1.0 (C:\Users\life\.codex\worktrees\arena-clock-passport\KOLVRT\crates\kernel)
    Finished `release` profile [optimized + debuginfo] target(s) in 2.84s
[OK] build: target/kernel/prod-native-apps.elf (1576376 bytes ELF; 525692 bytes loaded)

                      #######
                    ##########
                          ###       ######
            ###           ###         ######
          #######         ###           #####
         ##########       ###          #####
        ###     ####      ###        ####
                  ####    ###      ####
                    ####  ###    ####          #
                      ### ###  ####            ###
                        #########              ####
     ##############################################
     ####               ########
     ####              ##########
       ##           ####   ##  ####
                  ####     ##    ####
                 ###       ##      ####        #
               ###         ##        ####   ####
             ####          ##          ########
             #####         ##            ####
              ######       ##
                           ########
                           #######
KOLVRT | PROD | AArch64 | EL1
[OK] console: UART ready
[OK] memory: 256 MiB RAM; 64627 free pages (4 KiB/page)
[OK] exceptions: vectors installed
[OK] protection: MMU enabled; W^X enforced; heap initialized
[OK] interrupts: GICv3 and physical timer initialized
[OK] SMP: 2 CPUs participating
[OK] boot: validation complete; powering off (not a running system)
    Finished `release` profile [optimized + debuginfo] target(s) in 0.03s
    Finished `release` profile [optimized + debuginfo] target(s) in 0.03s
[OK] build: target/kernel/prod-native-apps.elf (1576376 bytes ELF; 525692 bytes loaded)

                      #######
                    ##########
                          ###       ######
            ###           ###         ######
          #######         ###           #####
         ##########       ###          #####
        ###     ####      ###        ####
                  ####    ###      ####
                    ####  ###    ####          #
                      ### ###  ####            ###
                        #########              ####
     ##############################################
     ####               ########
     ####              ##########
       ##           ####   ##  ####
                  ####     ##    ####
                 ###       ##      ####        #
               ###         ##        ####   ####
             ####          ##          ########
             #####         ##            ####
              ######       ##
                           ########
                           #######
KOLVRT | PROD | AArch64 | EL1
[OK] console: UART ready
[OK] memory: 256 MiB RAM; 64627 free pages (4 KiB/page)
[OK] exceptions: vectors installed
[OK] protection: MMU enabled; W^X enforced; heap initialized
[OK] interrupts: GICv3 and physical timer initialized
[OK] SMP: 2 CPUs participating
[OK] boot: validation complete; powering off (not a running system)
    Finished `release` profile [optimized + debuginfo] target(s) in 0.03s
   Compiling kolvrt-kernel v0.1.0 (C:\Users\life\.codex\worktrees\arena-clock-passport\KOLVRT\crates\kernel)
    Finished `release` profile [optimized + debuginfo] target(s) in 2.90s
[OK] build: target/kernel/prod-native-apps.elf (1576376 bytes ELF; 525692 bytes loaded)

                      #######
                    ##########
                          ###       ######
            ###           ###         ######
          #######         ###           #####
         ##########       ###          #####
        ###     ####      ###        ####
                  ####    ###      ####
                    ####  ###    ####          #
                      ### ###  ####            ###
                        #########              ####
     ##############################################
     ####               ########
     ####              ##########
       ##           ####   ##  ####
                  ####     ##    ####
                 ###       ##      ####        #
               ###         ##        ####   ####
             ####          ##          ########
             #####         ##            ####
              ######       ##
                           ########
                           #######
KOLVRT | PROD | AArch64 | EL1
[OK] console: UART ready
[OK] memory: 256 MiB RAM; 64627 free pages (4 KiB/page)
[OK] exceptions: vectors installed
[OK] protection: MMU enabled; W^X enforced; heap initialized
[OK] interrupts: GICv3 and physical timer initialized
[OK] SMP: 2 CPUs participating
[OK] boot: validation complete; powering off (not a running system)
    Finished `dev` profile [unoptimized + debuginfo] target(s) in 0.03s
   Compiling kolvrt-kernel v0.1.0 (C:\Users\life\.codex\worktrees\arena-clock-passport\KOLVRT\crates\kernel)
    Finished `dev` profile [unoptimized + debuginfo] target(s) in 0.52s
[OK] build: target/kernel/dev-native-apps.elf (7345368 bytes ELF; 3453399 bytes loaded)

                      #######
                    ##########
                          ###       ######
            ###           ###         ######
          #######         ###           #####
         ##########       ###          #####
        ###     ####      ###        ####
                  ####    ###      ####
                    ####  ###    ####          #
                      ### ###  ####            ###
                        #########              ####
     ##############################################
     ####               ########
     ####              ##########
       ##           ####   ##  ####
                  ####     ##    ####
                 ###       ##      ####        #
               ###         ##        ####   ####
             ####          ##          ########
             #####         ##            ####
              ######       ##
                           ########
                           #######
KOLVRT | DEV | AArch64 | EL1
[OK] console: UART ready
[OK] memory: 256 MiB RAM; 63912 free pages (4 KiB/page)
[OK] exceptions: vectors installed
[OK] protection: MMU enabled; W^X enforced; heap initialized
[OK] interrupts: GICv3 and physical timer initialized
[OK] SMP: 2 CPUs participating
[DEBUG] process: slot=0 generation=1 owner=0 state=Creating rollback=None
[DEBUG] process: slot=0 generation=1 owner=0 state=Prepared rollback=None
[DEBUG] process: slot=0 generation=1 owner=0 state=Admitted rollback=None
[DEBUG] process: slot=4 generation=1 owner=1 state=Creating rollback=None
[DEBUG] process: slot=4 generation=1 owner=1 state=Prepared rollback=None
[DEBUG] process: slot=4 generation=1 owner=1 state=Admitted rollback=None
[DEBUG] handles: process_slot=4 process_generation=1 capacity=8 active=2 lifecycle=retiring
[DEBUG] handles: slot=0 generation=1 kind=Endpoint
[DEBUG] handles: slot=1 generation=1 kind=Endpoint
[DEBUG] process: slot=4 generation=1 owner=1 state=Completed rollback=None
[DEBUG] handles: process_slot=0 process_generation=1 capacity=8 active=2 lifecycle=retiring
[DEBUG] handles: slot=0 generation=1 kind=Endpoint
[DEBUG] handles: slot=1 generation=1 kind=Endpoint
[DEBUG] process: slot=0 generation=1 owner=0 state=Completed rollback=None
[DEBUG] process: slot=4 generation=1 owner=1 state=Reclaiming rollback=None
[DEBUG] process: slot=4 generation=1 owner=1 state=Free rollback=None
[DEBUG] process: slot=0 generation=1 owner=0 state=Reclaiming rollback=None
[DEBUG] process: slot=0 generation=1 owner=0 state=Free rollback=None
[OK] boot: validation complete; powering off (not a running system)
    Finished `dev` profile [unoptimized + debuginfo] target(s) in 0.03s
   Compiling kolvrt-kernel v0.1.0 (C:\Users\life\.codex\worktrees\arena-clock-passport\KOLVRT\crates\kernel)
    Finished `dev` profile [unoptimized + debuginfo] target(s) in 0.55s
[OK] build: target/kernel/dev-native-apps.elf (7345368 bytes ELF; 3453399 bytes loaded)

                      #######
                    ##########
                          ###       ######
            ###           ###         ######
          #######         ###           #####
         ##########       ###          #####
        ###     ####      ###        ####
                  ####    ###      ####
                    ####  ###    ####          #
                      ### ###  ####            ###
                        #########              ####
     ##############################################
     ####               ########
     ####              ##########
       ##           ####   ##  ####
                  ####     ##    ####
                 ###       ##      ####        #
               ###         ##        ####   ####
             ####          ##          ########
             #####         ##            ####
              ######       ##
                           ########
                           #######
KOLVRT | DEV | AArch64 | EL1
[OK] console: UART ready
[OK] memory: 256 MiB RAM; 63912 free pages (4 KiB/page)
[OK] exceptions: vectors installed
[OK] protection: MMU enabled; W^X enforced; heap initialized
[OK] interrupts: GICv3 and physical timer initialized
[OK] SMP: 2 CPUs participating
[DEBUG] process: slot=0 generation=1 owner=0 state=Creating rollback=None
[DEBUG] process: slot=0 generation=1 owner=0 state=Prepared rollback=None
[DEBUG] process: slot=0 generation=1 owner=0 state=Admitted rollback=None
[DEBUG] process: slot=4 generation=1 owner=1 state=Creating rollback=None
[DEBUG] process: slot=4 generation=1 owner=1 state=Prepared rollback=None
[DEBUG] process: slot=4 generation=1 owner=1 state=Admitted rollback=None
[DEBUG] handles: process_slot=4 process_generation=1 capacity=8 active=2 lifecycle=retiring
[DEBUG] handles: slot=0 generation=1 kind=Endpoint
[DEBUG] handles: slot=1 generation=1 kind=Endpoint
[DEBUG] process: slot=4 generation=1 owner=1 state=Completed rollback=None
[DEBUG] handles: process_slot=0 process_generation=1 capacity=8 active=2 lifecycle=retiring
[DEBUG] handles: slot=0 generation=1 kind=Endpoint
[DEBUG] handles: slot=1 generation=1 kind=Endpoint
[DEBUG] process: slot=0 generation=1 owner=0 state=Completed rollback=None
[DEBUG] process: slot=4 generation=1 owner=1 state=Reclaiming rollback=None
[DEBUG] process: slot=4 generation=1 owner=1 state=Free rollback=None
[DEBUG] process: slot=0 generation=1 owner=0 state=Reclaiming rollback=None
[DEBUG] process: slot=0 generation=1 owner=0 state=Free rollback=None
[OK] boot: validation complete; powering off (not a running system)
    Finished `dev` profile [unoptimized + debuginfo] target(s) in 0.03s
    Finished `dev` profile [unoptimized + debuginfo] target(s) in 0.03s
[OK] build: target/kernel/dev-native-apps.elf (7345368 bytes ELF; 3453399 bytes loaded)

                      #######
                    ##########
                          ###       ######
            ###           ###         ######
          #######         ###           #####
         ##########       ###          #####
        ###     ####      ###        ####
                  ####    ###      ####
                    ####  ###    ####          #
                      ### ###  ####            ###
                        #########              ####
     ##############################################
     ####               ########
     ####              ##########
       ##           ####   ##  ####
                  ####     ##    ####
                 ###       ##      ####        #
               ###         ##        ####   ####
             ####          ##          ########
             #####         ##            ####
              ######       ##
                           ########
                           #######
KOLVRT | DEV | AArch64 | EL1
[OK] console: UART ready
[OK] memory: 256 MiB RAM; 63912 free pages (4 KiB/page)
[OK] exceptions: vectors installed
[OK] protection: MMU enabled; W^X enforced; heap initialized
[OK] interrupts: GICv3 and physical timer initialized
[OK] SMP: 2 CPUs participating
[DEBUG] process: slot=0 generation=1 owner=0 state=Creating rollback=None
[DEBUG] process: slot=0 generation=1 owner=0 state=Prepared rollback=None
[DEBUG] process: slot=0 generation=1 owner=0 state=Admitted rollback=None
[DEBUG] process: slot=4 generation=1 owner=1 state=Creating rollback=None
[DEBUG] process: slot=4 generation=1 owner=1 state=Prepared rollback=None
[DEBUG] process: slot=4 generation=1 owner=1 state=Admitted rollback=None
[DEBUG] handles: process_slot=4 process_generation=1 capacity=8 active=2 lifecycle=retiring
[DEBUG] handles: slot=0 generation=1 kind=Endpoint
[DEBUG] handles: slot=1 generation=1 kind=Endpoint
[DEBUG] process: slot=4 generation=1 owner=1 state=Completed rollback=None
[DEBUG] handles: process_slot=0 process_generation=1 capacity=8 active=2 lifecycle=retiring
[DEBUG] handles: slot=0 generation=1 kind=Endpoint
[DEBUG] handles: slot=1 generation=1 kind=Endpoint
[DEBUG] process: slot=0 generation=1 owner=0 state=Completed rollback=None
[DEBUG] process: slot=4 generation=1 owner=1 state=Reclaiming rollback=None
[DEBUG] process: slot=4 generation=1 owner=1 state=Free rollback=None
[DEBUG] process: slot=0 generation=1 owner=0 state=Reclaiming rollback=None
[DEBUG] process: slot=0 generation=1 owner=0 state=Free rollback=None
[OK] boot: validation complete; powering off (not a running system)
    Finished `dev` profile [unoptimized + debuginfo] target(s) in 0.03s
   Compiling kolvrt-kernel v0.1.0 (C:\Users\life\.codex\worktrees\arena-clock-passport\KOLVRT\crates\kernel)
    Finished `dev` profile [unoptimized + debuginfo] target(s) in 0.50s
[OK] build: target/kernel/dev-native-apps.elf (7345368 bytes ELF; 3453399 bytes loaded)

                      #######
                    ##########
                          ###       ######
            ###           ###         ######
          #######         ###           #####
         ##########       ###          #####
        ###     ####      ###        ####
                  ####    ###      ####
                    ####  ###    ####          #
                      ### ###  ####            ###
                        #########              ####
     ##############################################
     ####               ########
     ####              ##########
       ##           ####   ##  ####
                  ####     ##    ####
                 ###       ##      ####        #
               ###         ##        ####   ####
             ####          ##          ########
             #####         ##            ####
              ######       ##
                           ########
                           #######
KOLVRT | DEV | AArch64 | EL1
[OK] console: UART ready
[OK] memory: 256 MiB RAM; 63912 free pages (4 KiB/page)
[OK] exceptions: vectors installed
[OK] protection: MMU enabled; W^X enforced; heap initialized
[OK] interrupts: GICv3 and physical timer initialized
[OK] SMP: 2 CPUs participating
[DEBUG] process: slot=0 generation=1 owner=0 state=Creating rollback=None
[DEBUG] process: slot=0 generation=1 owner=0 state=Prepared rollback=None
[DEBUG] process: slot=0 generation=1 owner=0 state=Admitted rollback=None
[DEBUG] process: slot=4 generation=1 owner=1 state=Creating rollback=None
[DEBUG] process: slot=4 generation=1 owner=1 state=Prepared rollback=None
[DEBUG] process: slot=4 generation=1 owner=1 state=Admitted rollback=None
[DEBUG] handles: process_slot=4 process_generation=1 capacity=8 active=2 lifecycle=retiring
[DEBUG] handles: slot=0 generation=1 kind=Endpoint
[DEBUG] handles: slot=1 generation=1 kind=Endpoint
[DEBUG] process: slot=4 generation=1 owner=1 state=Completed rollback=None
[DEBUG] handles: process_slot=0 process_generation=1 capacity=8 active=2 lifecycle=retiring
[DEBUG] handles: slot=0 generation=1 kind=Endpoint
[DEBUG] handles: slot=1 generation=1 kind=Endpoint
[DEBUG] process: slot=0 generation=1 owner=0 state=Completed rollback=None
[DEBUG] process: slot=4 generation=1 owner=1 state=Reclaiming rollback=None
[DEBUG] process: slot=4 generation=1 owner=1 state=Free rollback=None
[DEBUG] process: slot=0 generation=1 owner=0 state=Reclaiming rollback=None
[DEBUG] process: slot=0 generation=1 owner=0 state=Free rollback=None
[OK] boot: validation complete; powering off (not a running system)
    Finished `release` profile [optimized + debuginfo] target(s) in 0.03s
   Compiling kolvrt-kernel v0.1.0 (C:\Users\life\.codex\worktrees\arena-clock-passport\KOLVRT\crates\kernel)
    Finished `release` profile [optimized + debuginfo] target(s) in 2.84s
[OK] build: target/kernel/prod-native-apps.elf (1617344 bytes ELF; 568788 bytes loaded)

                      #######
                    ##########
                          ###       ######
            ###           ###         ######
          #######         ###           #####
         ##########       ###          #####
        ###     ####      ###        ####
                  ####    ###      ####
                    ####  ###    ####          #
                      ### ###  ####            ###
                        #########              ####
     ##############################################
     ####               ########
     ####              ##########
       ##           ####   ##  ####
                  ####     ##    ####
                 ###       ##      ####        #
               ###         ##        ####   ####
             ####          ##          ########
             #####         ##            ####
              ######       ##
                           ########
                           #######
KOLVRT | PROD | AArch64 | EL1
[OK] console: UART ready
[OK] memory: 256 MiB RAM; 64617 free pages (4 KiB/page)
[OK] exceptions: vectors installed
[OK] protection: MMU enabled; W^X enforced; heap initialized
[OK] interrupts: GICv3 and physical timer initialized
[OK] SMP: 2 CPUs participating
[OK] boot: validation complete; powering off (not a running system)
    Finished `release` profile [optimized + debuginfo] target(s) in 0.03s
   Compiling kolvrt-kernel v0.1.0 (C:\Users\life\.codex\worktrees\arena-clock-passport\KOLVRT\crates\kernel)
    Finished `release` profile [optimized + debuginfo] target(s) in 2.84s
[OK] build: target/kernel/prod-native-apps.elf (1617344 bytes ELF; 568788 bytes loaded)

                      #######
                    ##########
                          ###       ######
            ###           ###         ######
          #######         ###           #####
         ##########       ###          #####
        ###     ####      ###        ####
                  ####    ###      ####
                    ####  ###    ####          #
                      ### ###  ####            ###
                        #########              ####
     ##############################################
     ####               ########
     ####              ##########
       ##           ####   ##  ####
                  ####     ##    ####
                 ###       ##      ####        #
               ###         ##        ####   ####
             ####          ##          ########
             #####         ##            ####
              ######       ##
                           ########
                           #######
KOLVRT | PROD | AArch64 | EL1
[OK] console: UART ready
[OK] memory: 256 MiB RAM; 64617 free pages (4 KiB/page)
[OK] exceptions: vectors installed
[OK] protection: MMU enabled; W^X enforced; heap initialized
[OK] interrupts: GICv3 and physical timer initialized
[OK] SMP: 2 CPUs participating
[OK] boot: validation complete; powering off (not a running system)
    Finished `release` profile [optimized + debuginfo] target(s) in 0.03s
    Finished `release` profile [optimized + debuginfo] target(s) in 0.03s
[OK] build: target/kernel/prod-native-apps.elf (1617344 bytes ELF; 568788 bytes loaded)

                      #######
                    ##########
                          ###       ######
            ###           ###         ######
          #######         ###           #####
         ##########       ###          #####
        ###     ####      ###        ####
                  ####    ###      ####
                    ####  ###    ####          #
                      ### ###  ####            ###
                        #########              ####
     ##############################################
     ####               ########
     ####              ##########
       ##           ####   ##  ####
                  ####     ##    ####
                 ###       ##      ####        #
               ###         ##        ####   ####
             ####          ##          ########
             #####         ##            ####
              ######       ##
                           ########
                           #######
KOLVRT | PROD | AArch64 | EL1
[OK] console: UART ready
[OK] memory: 256 MiB RAM; 64617 free pages (4 KiB/page)
[OK] exceptions: vectors installed
[OK] protection: MMU enabled; W^X enforced; heap initialized
[OK] interrupts: GICv3 and physical timer initialized
[OK] SMP: 2 CPUs participating
[OK] boot: validation complete; powering off (not a running system)
    Finished `release` profile [optimized + debuginfo] target(s) in 0.03s
   Compiling kolvrt-kernel v0.1.0 (C:\Users\life\.codex\worktrees\arena-clock-passport\KOLVRT\crates\kernel)
    Finished `release` profile [optimized + debuginfo] target(s) in 2.88s
[OK] build: target/kernel/prod-native-apps.elf (1617344 bytes ELF; 568788 bytes loaded)

                      #######
                    ##########
                          ###       ######
            ###           ###         ######
          #######         ###           #####
         ##########       ###          #####
        ###     ####      ###        ####
                  ####    ###      ####
                    ####  ###    ####          #
                      ### ###  ####            ###
                        #########              ####
     ##############################################
     ####               ########
     ####              ##########
       ##           ####   ##  ####
                  ####     ##    ####
                 ###       ##      ####        #
               ###         ##        ####   ####
             ####          ##          ########
             #####         ##            ####
              ######       ##
                           ########
                           #######
KOLVRT | PROD | AArch64 | EL1
[OK] console: UART ready
[OK] memory: 256 MiB RAM; 64617 free pages (4 KiB/page)
[OK] exceptions: vectors installed
[OK] protection: MMU enabled; W^X enforced; heap initialized
[OK] interrupts: GICv3 and physical timer initialized
[OK] SMP: 2 CPUs participating
[OK] boot: validation complete; powering off (not a running system)
    Finished `dev` profile [unoptimized + debuginfo] target(s) in 0.03s
   Compiling kolvrt-kernel v0.1.0 (C:\Users\life\.codex\worktrees\arena-clock-passport\KOLVRT\crates\kernel)
    Finished `dev` profile [unoptimized + debuginfo] target(s) in 0.52s
[OK] build: target/kernel/dev-native-apps.elf (7345368 bytes ELF; 3453399 bytes loaded)

                      #######
                    ##########
                          ###       ######
            ###           ###         ######
          #######         ###           #####
         ##########       ###          #####
        ###     ####      ###        ####
                  ####    ###      ####
                    ####  ###    ####          #
                      ### ###  ####            ###
                        #########              ####
     ##############################################
     ####               ########
     ####              ##########
       ##           ####   ##  ####
                  ####     ##    ####
                 ###       ##      ####        #
               ###         ##        ####   ####
             ####          ##          ########
             #####         ##            ####
              ######       ##
                           ########
                           #######
KOLVRT | DEV | AArch64 | EL1
[OK] console: UART ready
[OK] memory: 256 MiB RAM; 63912 free pages (4 KiB/page)
[OK] exceptions: vectors installed
[OK] protection: MMU enabled; W^X enforced; heap initialized
[OK] interrupts: GICv3 and physical timer initialized
[OK] SMP: 2 CPUs participating
[DEBUG] process: slot=0 generation=1 owner=0 state=Creating rollback=None
[DEBUG] process: slot=0 generation=1 owner=0 state=Prepared rollback=None
[DEBUG] process: slot=0 generation=1 owner=0 state=Admitted rollback=None
[DEBUG] process: slot=4 generation=1 owner=1 state=Creating rollback=None
[DEBUG] process: slot=4 generation=1 owner=1 state=Prepared rollback=None
[DEBUG] process: slot=4 generation=1 owner=1 state=Admitted rollback=None
[DEBUG] process: slot=1 generation=1 owner=0 state=Creating rollback=None
[DEBUG] process: slot=1 generation=1 owner=0 state=Prepared rollback=None
[DEBUG] process: slot=1 generation=1 owner=0 state=Admitted rollback=None
[DEBUG] handles: process_slot=1 process_generation=1 capacity=8 active=3 lifecycle=retiring
[DEBUG] handles: slot=0 generation=1 kind=Endpoint
[DEBUG] handles: slot=1 generation=1 kind=Endpoint
[DEBUG] handles: slot=2 generation=1 kind=Endpoint
[DEBUG] process: slot=1 generation=1 owner=0 state=Completed rollback=None
[DEBUG] handles: process_slot=4 process_generation=1 capacity=8 active=2 lifecycle=retiring
[DEBUG] handles: slot=0 generation=1 kind=Endpoint
[DEBUG] handles: slot=1 generation=1 kind=Endpoint
[DEBUG] process: slot=4 generation=1 owner=1 state=Completed rollback=None
[DEBUG] handles: process_slot=0 process_generation=1 capacity=8 active=4 lifecycle=retiring
[DEBUG] handles: slot=0 generation=1 kind=Endpoint
[DEBUG] handles: slot=1 generation=1 kind=Endpoint
[DEBUG] handles: slot=2 generation=1 kind=Endpoint
[DEBUG] handles: slot=3 generation=1 kind=Endpoint
[DEBUG] process: slot=0 generation=1 owner=0 state=Completed rollback=None
[DEBUG] process: slot=4 generation=1 owner=1 state=Reclaiming rollback=None
[DEBUG] process: slot=4 generation=1 owner=1 state=Free rollback=None
[DEBUG] process: slot=1 generation=1 owner=0 state=Reclaiming rollback=None
[DEBUG] process: slot=1 generation=1 owner=0 state=Free rollback=None
[DEBUG] process: slot=0 generation=1 owner=0 state=Reclaiming rollback=None
[DEBUG] process: slot=0 generation=1 owner=0 state=Free rollback=None
[OK] boot: validation complete; powering off (not a running system)
    Finished `dev` profile [unoptimized + debuginfo] target(s) in 0.03s
   Compiling kolvrt-kernel v0.1.0 (C:\Users\life\.codex\worktrees\arena-clock-passport\KOLVRT\crates\kernel)
    Finished `dev` profile [unoptimized + debuginfo] target(s) in 0.49s
[OK] build: target/kernel/dev-native-apps.elf (7345368 bytes ELF; 3453399 bytes loaded)

                      #######
                    ##########
                          ###       ######
            ###           ###         ######
          #######         ###           #####
         ##########       ###          #####
        ###     ####      ###        ####
                  ####    ###      ####
                    ####  ###    ####          #
                      ### ###  ####            ###
                        #########              ####
     ##############################################
     ####               ########
     ####              ##########
       ##           ####   ##  ####
                  ####     ##    ####
                 ###       ##      ####        #
               ###         ##        ####   ####
             ####          ##          ########
             #####         ##            ####
              ######       ##
                           ########
                           #######
KOLVRT | DEV | AArch64 | EL1
[OK] console: UART ready
[OK] memory: 256 MiB RAM; 63912 free pages (4 KiB/page)
[OK] exceptions: vectors installed
[OK] protection: MMU enabled; W^X enforced; heap initialized
[OK] interrupts: GICv3 and physical timer initialized
[OK] SMP: 2 CPUs participating
[DEBUG] process: slot=0 generation=1 owner=0 state=Creating rollback=None
[DEBUG] process: slot=0 generation=1 owner=0 state=Prepared rollback=None
[DEBUG] process: slot=0 generation=1 owner=0 state=Admitted rollback=None
[DEBUG] process: slot=4 generation=1 owner=1 state=Creating rollback=None
[DEBUG] process: slot=4 generation=1 owner=1 state=Prepared rollback=None
[DEBUG] process: slot=4 generation=1 owner=1 state=Admitted rollback=None
[DEBUG] process: slot=1 generation=1 owner=0 state=Creating rollback=None
[DEBUG] process: slot=1 generation=1 owner=0 state=Prepared rollback=None
[DEBUG] process: slot=1 generation=1 owner=0 state=Admitted rollback=None
[DEBUG] handles: process_slot=1 process_generation=1 capacity=8 active=3 lifecycle=retiring
[DEBUG] handles: slot=0 generation=1 kind=Endpoint
[DEBUG] handles: slot=1 generation=1 kind=Endpoint
[DEBUG] handles: slot=2 generation=1 kind=Endpoint
[DEBUG] process: slot=1 generation=1 owner=0 state=Completed rollback=None
[DEBUG] handles: process_slot=4 process_generation=1 capacity=8 active=2 lifecycle=retiring
[DEBUG] handles: slot=0 generation=1 kind=Endpoint
[DEBUG] handles: slot=1 generation=1 kind=Endpoint
[DEBUG] process: slot=4 generation=1 owner=1 state=Completed rollback=None
[DEBUG] handles: process_slot=0 process_generation=1 capacity=8 active=4 lifecycle=retiring
[DEBUG] handles: slot=0 generation=1 kind=Endpoint
[DEBUG] handles: slot=1 generation=1 kind=Endpoint
[DEBUG] handles: slot=2 generation=1 kind=Endpoint
[DEBUG] handles: slot=3 generation=1 kind=Endpoint
[DEBUG] process: slot=0 generation=1 owner=0 state=Completed rollback=None
[DEBUG] process: slot=4 generation=1 owner=1 state=Reclaiming rollback=None
[DEBUG] process: slot=4 generation=1 owner=1 state=Free rollback=None
[DEBUG] process: slot=1 generation=1 owner=0 state=Reclaiming rollback=None
[DEBUG] process: slot=1 generation=1 owner=0 state=Free rollback=None
[DEBUG] process: slot=0 generation=1 owner=0 state=Reclaiming rollback=None
[DEBUG] process: slot=0 generation=1 owner=0 state=Free rollback=None
[OK] boot: validation complete; powering off (not a running system)
    Finished `dev` profile [unoptimized + debuginfo] target(s) in 0.03s
    Finished `dev` profile [unoptimized + debuginfo] target(s) in 0.03s
[OK] build: target/kernel/dev-native-apps.elf (7345368 bytes ELF; 3453399 bytes loaded)

                      #######
                    ##########
                          ###       ######
            ###           ###         ######
          #######         ###           #####
         ##########       ###          #####
        ###     ####      ###        ####
                  ####    ###      ####
                    ####  ###    ####          #
                      ### ###  ####            ###
                        #########              ####
     ##############################################
     ####               ########
     ####              ##########
       ##           ####   ##  ####
                  ####     ##    ####
                 ###       ##      ####        #
               ###         ##        ####   ####
             ####          ##          ########
             #####         ##            ####
              ######       ##
                           ########
                           #######
KOLVRT | DEV | AArch64 | EL1
[OK] console: UART ready
[OK] memory: 256 MiB RAM; 63912 free pages (4 KiB/page)
[OK] exceptions: vectors installed
[OK] protection: MMU enabled; W^X enforced; heap initialized
[OK] interrupts: GICv3 and physical timer initialized
[OK] SMP: 2 CPUs participating
[DEBUG] process: slot=0 generation=1 owner=0 state=Creating rollback=None
[DEBUG] process: slot=0 generation=1 owner=0 state=Prepared rollback=None
[DEBUG] process: slot=0 generation=1 owner=0 state=Admitted rollback=None
[DEBUG] process: slot=4 generation=1 owner=1 state=Creating rollback=None
[DEBUG] process: slot=4 generation=1 owner=1 state=Prepared rollback=None
[DEBUG] process: slot=4 generation=1 owner=1 state=Admitted rollback=None
[DEBUG] process: slot=1 generation=1 owner=0 state=Creating rollback=None
[DEBUG] process: slot=1 generation=1 owner=0 state=Prepared rollback=None
[DEBUG] process: slot=1 generation=1 owner=0 state=Admitted rollback=None
[DEBUG] handles: process_slot=1 process_generation=1 capacity=8 active=3 lifecycle=retiring
[DEBUG] handles: slot=0 generation=1 kind=Endpoint
[DEBUG] handles: slot=1 generation=1 kind=Endpoint
[DEBUG] handles: slot=2 generation=1 kind=Endpoint
[DEBUG] process: slot=1 generation=1 owner=0 state=Completed rollback=None
[DEBUG] handles: process_slot=4 process_generation=1 capacity=8 active=2 lifecycle=retiring
[DEBUG] handles: slot=0 generation=1 kind=Endpoint
[DEBUG] handles: slot=1 generation=1 kind=Endpoint
[DEBUG] process: slot=4 generation=1 owner=1 state=Completed rollback=None
[DEBUG] handles: process_slot=0 process_generation=1 capacity=8 active=4 lifecycle=retiring
[DEBUG] handles: slot=0 generation=1 kind=Endpoint
[DEBUG] handles: slot=1 generation=1 kind=Endpoint
[DEBUG] handles: slot=2 generation=1 kind=Endpoint
[DEBUG] handles: slot=3 generation=1 kind=Endpoint
[DEBUG] process: slot=0 generation=1 owner=0 state=Completed rollback=None
[DEBUG] process: slot=4 generation=1 owner=1 state=Reclaiming rollback=None
[DEBUG] process: slot=4 generation=1 owner=1 state=Free rollback=None
[DEBUG] process: slot=1 generation=1 owner=0 state=Reclaiming rollback=None
[DEBUG] process: slot=1 generation=1 owner=0 state=Free rollback=None
[DEBUG] process: slot=0 generation=1 owner=0 state=Reclaiming rollback=None
[DEBUG] process: slot=0 generation=1 owner=0 state=Free rollback=None
[OK] boot: validation complete; powering off (not a running system)
    Finished `dev` profile [unoptimized + debuginfo] target(s) in 0.03s
   Compiling kolvrt-kernel v0.1.0 (C:\Users\life\.codex\worktrees\arena-clock-passport\KOLVRT\crates\kernel)
    Finished `dev` profile [unoptimized + debuginfo] target(s) in 0.58s
[OK] build: target/kernel/dev-native-apps.elf (7345368 bytes ELF; 3453399 bytes loaded)

                      #######
                    ##########
                          ###       ######
            ###           ###         ######
          #######         ###           #####
         ##########       ###          #####
        ###     ####      ###        ####
                  ####    ###      ####
                    ####  ###    ####          #
                      ### ###  ####            ###
                        #########              ####
     ##############################################
     ####               ########
     ####              ##########
       ##           ####   ##  ####
                  ####     ##    ####
                 ###       ##      ####        #
               ###         ##        ####   ####
             ####          ##          ########
             #####         ##            ####
              ######       ##
                           ########
                           #######
KOLVRT | DEV | AArch64 | EL1
[OK] console: UART ready
[OK] memory: 256 MiB RAM; 63912 free pages (4 KiB/page)
[OK] exceptions: vectors installed
[OK] protection: MMU enabled; W^X enforced; heap initialized
[OK] interrupts: GICv3 and physical timer initialized
[OK] SMP: 2 CPUs participating
[DEBUG] process: slot=0 generation=1 owner=0 state=Creating rollback=None
[DEBUG] process: slot=0 generation=1 owner=0 state=Prepared rollback=None
[DEBUG] process: slot=0 generation=1 owner=0 state=Admitted rollback=None
[DEBUG] process: slot=4 generation=1 owner=1 state=Creating rollback=None
[DEBUG] process: slot=4 generation=1 owner=1 state=Prepared rollback=None
[DEBUG] process: slot=4 generation=1 owner=1 state=Admitted rollback=None
[DEBUG] process: slot=1 generation=1 owner=0 state=Creating rollback=None
[DEBUG] process: slot=1 generation=1 owner=0 state=Prepared rollback=None
[DEBUG] process: slot=1 generation=1 owner=0 state=Admitted rollback=None
[DEBUG] handles: process_slot=1 process_generation=1 capacity=8 active=3 lifecycle=retiring
[DEBUG] handles: slot=0 generation=1 kind=Endpoint
[DEBUG] handles: slot=1 generation=1 kind=Endpoint
[DEBUG] handles: slot=2 generation=1 kind=Endpoint
[DEBUG] process: slot=1 generation=1 owner=0 state=Completed rollback=None
[DEBUG] handles: process_slot=4 process_generation=1 capacity=8 active=2 lifecycle=retiring
[DEBUG] handles: slot=0 generation=1 kind=Endpoint
[DEBUG] handles: slot=1 generation=1 kind=Endpoint
[DEBUG] process: slot=4 generation=1 owner=1 state=Completed rollback=None
[DEBUG] handles: process_slot=0 process_generation=1 capacity=8 active=4 lifecycle=retiring
[DEBUG] handles: slot=0 generation=1 kind=Endpoint
[DEBUG] handles: slot=1 generation=1 kind=Endpoint
[DEBUG] handles: slot=2 generation=1 kind=Endpoint
[DEBUG] handles: slot=3 generation=1 kind=Endpoint
[DEBUG] process: slot=0 generation=1 owner=0 state=Completed rollback=None
[DEBUG] process: slot=4 generation=1 owner=1 state=Reclaiming rollback=None
[DEBUG] process: slot=4 generation=1 owner=1 state=Free rollback=None
[DEBUG] process: slot=1 generation=1 owner=0 state=Reclaiming rollback=None
[DEBUG] process: slot=1 generation=1 owner=0 state=Free rollback=None
[DEBUG] process: slot=0 generation=1 owner=0 state=Reclaiming rollback=None
[DEBUG] process: slot=0 generation=1 owner=0 state=Free rollback=None
[OK] boot: validation complete; powering off (not a running system)
    Finished `release` profile [optimized + debuginfo] target(s) in 0.03s
   Compiling kolvrt-kernel v0.1.0 (C:\Users\life\.codex\worktrees\arena-clock-passport\KOLVRT\crates\kernel)
    Finished `release` profile [optimized + debuginfo] target(s) in 2.86s
[OK] build: target/kernel/prod-native-apps.elf (1617344 bytes ELF; 568788 bytes loaded)

                      #######
                    ##########
                          ###       ######
            ###           ###         ######
          #######         ###           #####
         ##########       ###          #####
        ###     ####      ###        ####
                  ####    ###      ####
                    ####  ###    ####          #
                      ### ###  ####            ###
                        #########              ####
     ##############################################
     ####               ########
     ####              ##########
       ##           ####   ##  ####
                  ####     ##    ####
                 ###       ##      ####        #
               ###         ##        ####   ####
             ####          ##          ########
             #####         ##            ####
              ######       ##
                           ########
                           #######
KOLVRT | PROD | AArch64 | EL1
[OK] console: UART ready
[OK] memory: 256 MiB RAM; 64617 free pages (4 KiB/page)
[OK] exceptions: vectors installed
[OK] protection: MMU enabled; W^X enforced; heap initialized
[OK] interrupts: GICv3 and physical timer initialized
[OK] SMP: 2 CPUs participating
[OK] boot: validation complete; powering off (not a running system)
    Finished `release` profile [optimized + debuginfo] target(s) in 0.03s
   Compiling kolvrt-kernel v0.1.0 (C:\Users\life\.codex\worktrees\arena-clock-passport\KOLVRT\crates\kernel)
    Finished `release` profile [optimized + debuginfo] target(s) in 2.85s
[OK] build: target/kernel/prod-native-apps.elf (1617344 bytes ELF; 568788 bytes loaded)

                      #######
                    ##########
                          ###       ######
            ###           ###         ######
          #######         ###           #####
         ##########       ###          #####
        ###     ####      ###        ####
                  ####    ###      ####
                    ####  ###    ####          #
                      ### ###  ####            ###
                        #########              ####
     ##############################################
     ####               ########
     ####              ##########
       ##           ####   ##  ####
                  ####     ##    ####
                 ###       ##      ####        #
               ###         ##        ####   ####
             ####          ##          ########
             #####         ##            ####
              ######       ##
                           ########
                           #######
KOLVRT | PROD | AArch64 | EL1
[OK] console: UART ready
[OK] memory: 256 MiB RAM; 64617 free pages (4 KiB/page)
[OK] exceptions: vectors installed
[OK] protection: MMU enabled; W^X enforced; heap initialized
[OK] interrupts: GICv3 and physical timer initialized
[OK] SMP: 2 CPUs participating
[OK] boot: validation complete; powering off (not a running system)
    Finished `release` profile [optimized + debuginfo] target(s) in 0.03s
    Finished `release` profile [optimized + debuginfo] target(s) in 0.03s
[OK] build: target/kernel/prod-native-apps.elf (1617344 bytes ELF; 568788 bytes loaded)

                      #######
                    ##########
                          ###       ######
            ###           ###         ######
          #######         ###           #####
         ##########       ###          #####
        ###     ####      ###        ####
                  ####    ###      ####
                    ####  ###    ####          #
                      ### ###  ####            ###
                        #########              ####
     ##############################################
     ####               ########
     ####              ##########
       ##           ####   ##  ####
                  ####     ##    ####
                 ###       ##      ####        #
               ###         ##        ####   ####
             ####          ##          ########
             #####         ##            ####
              ######       ##
                           ########
                           #######
KOLVRT | PROD | AArch64 | EL1
[OK] console: UART ready
[OK] memory: 256 MiB RAM; 64617 free pages (4 KiB/page)
[OK] exceptions: vectors installed
[OK] protection: MMU enabled; W^X enforced; heap initialized
[OK] interrupts: GICv3 and physical timer initialized
[OK] SMP: 2 CPUs participating
[OK] boot: validation complete; powering off (not a running system)
    Finished `release` profile [optimized + debuginfo] target(s) in 0.03s
   Compiling kolvrt-kernel v0.1.0 (C:\Users\life\.codex\worktrees\arena-clock-passport\KOLVRT\crates\kernel)
    Finished `release` profile [optimized + debuginfo] target(s) in 2.87s
[OK] build: target/kernel/prod-native-apps.elf (1617344 bytes ELF; 568788 bytes loaded)

                      #######
                    ##########
                          ###       ######
            ###           ###         ######
          #######         ###           #####
         ##########       ###          #####
        ###     ####      ###        ####
                  ####    ###      ####
                    ####  ###    ####          #
                      ### ###  ####            ###
                        #########              ####
     ##############################################
     ####               ########
     ####              ##########
       ##           ####   ##  ####
                  ####     ##    ####
                 ###       ##      ####        #
               ###         ##        ####   ####
             ####          ##          ########
             #####         ##            ####
              ######       ##
                           ########
                           #######
KOLVRT | PROD | AArch64 | EL1
[OK] console: UART ready
[OK] memory: 256 MiB RAM; 64617 free pages (4 KiB/page)
[OK] exceptions: vectors installed
[OK] protection: MMU enabled; W^X enforced; heap initialized
[OK] interrupts: GICv3 and physical timer initialized
[OK] SMP: 2 CPUs participating
[OK] boot: validation complete; powering off (not a running system)
    Finished `dev` profile [unoptimized + debuginfo] target(s) in 0.03s
   Compiling kolvrt-kernel v0.1.0 (C:\Users\life\.codex\worktrees\arena-clock-passport\KOLVRT\crates\kernel)
    Finished `dev` profile [unoptimized + debuginfo] target(s) in 0.50s
[OK] build: target/kernel/dev-native-apps.elf (7345368 bytes ELF; 3453399 bytes loaded)

                      #######
                    ##########
                          ###       ######
            ###           ###         ######
          #######         ###           #####
         ##########       ###          #####
        ###     ####      ###        ####
                  ####    ###      ####
                    ####  ###    ####          #
                      ### ###  ####            ###
                        #########              ####
     ##############################################
     ####               ########
     ####              ##########
       ##           ####   ##  ####
                  ####     ##    ####
                 ###       ##      ####        #
               ###         ##        ####   ####
             ####          ##          ########
             #####         ##            ####
              ######       ##
                           ########
                           #######
KOLVRT | DEV | AArch64 | EL1
[OK] console: UART ready
[OK] memory: 256 MiB RAM; 63912 free pages (4 KiB/page)
[OK] exceptions: vectors installed
[OK] protection: MMU enabled; W^X enforced; heap initialized
[OK] interrupts: GICv3 and physical timer initialized
[OK] SMP: 2 CPUs participating
[DEBUG] process: slot=0 generation=1 owner=0 state=Creating rollback=None
[DEBUG] process: slot=0 generation=1 owner=0 state=Prepared rollback=None
[DEBUG] process: slot=0 generation=1 owner=0 state=Admitted rollback=None
[DEBUG] process: slot=4 generation=1 owner=1 state=Creating rollback=None
[DEBUG] process: slot=4 generation=1 owner=1 state=Prepared rollback=None
[DEBUG] process: slot=4 generation=1 owner=1 state=Admitted rollback=None
[DEBUG] handles: process_slot=4 process_generation=1 capacity=8 active=2 lifecycle=retiring
[DEBUG] handles: slot=0 generation=1 kind=Endpoint
[DEBUG] handles: slot=1 generation=1 kind=Endpoint
[DEBUG] process: slot=4 generation=1 owner=1 state=Completed rollback=None
[DEBUG] handles: process_slot=0 process_generation=1 capacity=8 active=2 lifecycle=retiring
[DEBUG] handles: slot=0 generation=1 kind=Endpoint
[DEBUG] handles: slot=1 generation=1 kind=Endpoint
[DEBUG] process: slot=0 generation=1 owner=0 state=Completed rollback=None
[DEBUG] process: slot=4 generation=1 owner=1 state=Reclaiming rollback=None
[DEBUG] process: slot=4 generation=1 owner=1 state=Free rollback=None
[DEBUG] process: slot=0 generation=1 owner=0 state=Reclaiming rollback=None
[DEBUG] process: slot=0 generation=1 owner=0 state=Free rollback=None
[OK] boot: validation complete; powering off (not a running system)
    Finished `dev` profile [unoptimized + debuginfo] target(s) in 0.03s
   Compiling kolvrt-kernel v0.1.0 (C:\Users\life\.codex\worktrees\arena-clock-passport\KOLVRT\crates\kernel)
    Finished `dev` profile [unoptimized + debuginfo] target(s) in 0.58s
[OK] build: target/kernel/dev-native-apps.elf (7345368 bytes ELF; 3453399 bytes loaded)

                      #######
                    ##########
                          ###       ######
            ###           ###         ######
          #######         ###           #####
         ##########       ###          #####
        ###     ####      ###        ####
                  ####    ###      ####
                    ####  ###    ####          #
                      ### ###  ####            ###
                        #########              ####
     ##############################################
     ####               ########
     ####              ##########
       ##           ####   ##  ####
                  ####     ##    ####
                 ###       ##      ####        #
               ###         ##        ####   ####
             ####          ##          ########
             #####         ##            ####
              ######       ##
                           ########
                           #######
KOLVRT | DEV | AArch64 | EL1
[OK] console: UART ready
[OK] memory: 256 MiB RAM; 63912 free pages (4 KiB/page)
[OK] exceptions: vectors installed
[OK] protection: MMU enabled; W^X enforced; heap initialized
[OK] interrupts: GICv3 and physical timer initialized
[OK] SMP: 2 CPUs participating
[DEBUG] process: slot=0 generation=1 owner=0 state=Creating rollback=None
[DEBUG] process: slot=0 generation=1 owner=0 state=Prepared rollback=None
[DEBUG] process: slot=0 generation=1 owner=0 state=Admitted rollback=None
[DEBUG] process: slot=4 generation=1 owner=1 state=Creating rollback=None
[DEBUG] process: slot=4 generation=1 owner=1 state=Prepared rollback=None
[DEBUG] process: slot=4 generation=1 owner=1 state=Admitted rollback=None
[DEBUG] handles: process_slot=4 process_generation=1 capacity=8 active=2 lifecycle=retiring
[DEBUG] handles: slot=0 generation=1 kind=Endpoint
[DEBUG] handles: slot=1 generation=1 kind=Endpoint
[DEBUG] process: slot=4 generation=1 owner=1 state=Completed rollback=None
[DEBUG] handles: process_slot=0 process_generation=1 capacity=8 active=2 lifecycle=retiring
[DEBUG] handles: slot=0 generation=1 kind=Endpoint
[DEBUG] handles: slot=1 generation=1 kind=Endpoint
[DEBUG] process: slot=0 generation=1 owner=0 state=Completed rollback=None
[DEBUG] process: slot=4 generation=1 owner=1 state=Reclaiming rollback=None
[DEBUG] process: slot=4 generation=1 owner=1 state=Free rollback=None
[DEBUG] process: slot=0 generation=1 owner=0 state=Reclaiming rollback=None
[DEBUG] process: slot=0 generation=1 owner=0 state=Free rollback=None
[OK] boot: validation complete; powering off (not a running system)
    Finished `dev` profile [unoptimized + debuginfo] target(s) in 0.03s
    Finished `dev` profile [unoptimized + debuginfo] target(s) in 0.03s
[OK] build: target/kernel/dev-native-apps.elf (7345368 bytes ELF; 3453399 bytes loaded)

                      #######
                    ##########
                          ###       ######
            ###           ###         ######
          #######         ###           #####
         ##########       ###          #####
        ###     ####      ###        ####
                  ####    ###      ####
                    ####  ###    ####          #
                      ### ###  ####            ###
                        #########              ####
     ##############################################
     ####               ########
     ####              ##########
       ##           ####   ##  ####
                  ####     ##    ####
                 ###       ##      ####        #
               ###         ##        ####   ####
             ####          ##          ########
             #####         ##            ####
              ######       ##
                           ########
                           #######
KOLVRT | DEV | AArch64 | EL1
[OK] console: UART ready
[OK] memory: 256 MiB RAM; 63912 free pages (4 KiB/page)
[OK] exceptions: vectors installed
[OK] protection: MMU enabled; W^X enforced; heap initialized
[OK] interrupts: GICv3 and physical timer initialized
[OK] SMP: 2 CPUs participating
[DEBUG] process: slot=0 generation=1 owner=0 state=Creating rollback=None
[DEBUG] process: slot=0 generation=1 owner=0 state=Prepared rollback=None
[DEBUG] process: slot=0 generation=1 owner=0 state=Admitted rollback=None
[DEBUG] process: slot=4 generation=1 owner=1 state=Creating rollback=None
[DEBUG] process: slot=4 generation=1 owner=1 state=Prepared rollback=None
[DEBUG] process: slot=4 generation=1 owner=1 state=Admitted rollback=None
[DEBUG] handles: process_slot=4 process_generation=1 capacity=8 active=2 lifecycle=retiring
[DEBUG] handles: slot=0 generation=1 kind=Endpoint
[DEBUG] handles: slot=1 generation=1 kind=Endpoint
[DEBUG] process: slot=4 generation=1 owner=1 state=Completed rollback=None
[DEBUG] handles: process_slot=0 process_generation=1 capacity=8 active=2 lifecycle=retiring
[DEBUG] handles: slot=0 generation=1 kind=Endpoint
[DEBUG] handles: slot=1 generation=1 kind=Endpoint
[DEBUG] process: slot=0 generation=1 owner=0 state=Completed rollback=None
[DEBUG] process: slot=4 generation=1 owner=1 state=Reclaiming rollback=None
[DEBUG] process: slot=4 generation=1 owner=1 state=Free rollback=None
[DEBUG] process: slot=0 generation=1 owner=0 state=Reclaiming rollback=None
[DEBUG] process: slot=0 generation=1 owner=0 state=Free rollback=None
[OK] boot: validation complete; powering off (not a running system)
    Finished `dev` profile [unoptimized + debuginfo] target(s) in 0.03s
   Compiling kolvrt-kernel v0.1.0 (C:\Users\life\.codex\worktrees\arena-clock-passport\KOLVRT\crates\kernel)
    Finished `dev` profile [unoptimized + debuginfo] target(s) in 0.55s
[OK] build: target/kernel/dev-native-apps.elf (7345368 bytes ELF; 3453399 bytes loaded)

                      #######
                    ##########
                          ###       ######
            ###           ###         ######
          #######         ###           #####
         ##########       ###          #####
        ###     ####      ###        ####
                  ####    ###      ####
                    ####  ###    ####          #
                      ### ###  ####            ###
                        #########              ####
     ##############################################
     ####               ########
     ####              ##########
       ##           ####   ##  ####
                  ####     ##    ####
                 ###       ##      ####        #
               ###         ##        ####   ####
             ####          ##          ########
             #####         ##            ####
              ######       ##
                           ########
                           #######
KOLVRT | DEV | AArch64 | EL1
[OK] console: UART ready
[OK] memory: 256 MiB RAM; 63912 free pages (4 KiB/page)
[OK] exceptions: vectors installed
[OK] protection: MMU enabled; W^X enforced; heap initialized
[OK] interrupts: GICv3 and physical timer initialized
[OK] SMP: 2 CPUs participating
[DEBUG] process: slot=0 generation=1 owner=0 state=Creating rollback=None
[DEBUG] process: slot=0 generation=1 owner=0 state=Prepared rollback=None
[DEBUG] process: slot=0 generation=1 owner=0 state=Admitted rollback=None
[DEBUG] process: slot=4 generation=1 owner=1 state=Creating rollback=None
[DEBUG] process: slot=4 generation=1 owner=1 state=Prepared rollback=None
[DEBUG] process: slot=4 generation=1 owner=1 state=Admitted rollback=None
[DEBUG] handles: process_slot=4 process_generation=1 capacity=8 active=2 lifecycle=retiring
[DEBUG] handles: slot=0 generation=1 kind=Endpoint
[DEBUG] handles: slot=1 generation=1 kind=Endpoint
[DEBUG] process: slot=4 generation=1 owner=1 state=Completed rollback=None
[DEBUG] handles: process_slot=0 process_generation=1 capacity=8 active=2 lifecycle=retiring
[DEBUG] handles: slot=0 generation=1 kind=Endpoint
[DEBUG] handles: slot=1 generation=1 kind=Endpoint
[DEBUG] process: slot=0 generation=1 owner=0 state=Completed rollback=None
[DEBUG] process: slot=4 generation=1 owner=1 state=Reclaiming rollback=None
[DEBUG] process: slot=4 generation=1 owner=1 state=Free rollback=None
[DEBUG] process: slot=0 generation=1 owner=0 state=Reclaiming rollback=None
[DEBUG] process: slot=0 generation=1 owner=0 state=Free rollback=None
[OK] boot: validation complete; powering off (not a running system)
    Finished `release` profile [optimized + debuginfo] target(s) in 0.03s
   Compiling kolvrt-kernel v0.1.0 (C:\Users\life\.codex\worktrees\arena-clock-passport\KOLVRT\crates\kernel)
    Finished `release` profile [optimized + debuginfo] target(s) in 2.88s
[OK] build: target/kernel/prod-native-apps.elf (1617344 bytes ELF; 568788 bytes loaded)

                      #######
                    ##########
                          ###       ######
            ###           ###         ######
          #######         ###           #####
         ##########       ###          #####
        ###     ####      ###        ####
                  ####    ###      ####
                    ####  ###    ####          #
                      ### ###  ####            ###
                        #########              ####
     ##############################################
     ####               ########
     ####              ##########
       ##           ####   ##  ####
                  ####     ##    ####
                 ###       ##      ####        #
               ###         ##        ####   ####
             ####          ##          ########
             #####         ##            ####
              ######       ##
                           ########
                           #######
KOLVRT | PROD | AArch64 | EL1
[OK] console: UART ready
[OK] memory: 256 MiB RAM; 64617 free pages (4 KiB/page)
[OK] exceptions: vectors installed
[OK] protection: MMU enabled; W^X enforced; heap initialized
[OK] interrupts: GICv3 and physical timer initialized
[OK] SMP: 2 CPUs participating
[OK] boot: validation complete; powering off (not a running system)
    Finished `release` profile [optimized + debuginfo] target(s) in 0.03s
   Compiling kolvrt-kernel v0.1.0 (C:\Users\life\.codex\worktrees\arena-clock-passport\KOLVRT\crates\kernel)
    Finished `release` profile [optimized + debuginfo] target(s) in 2.83s
[OK] build: target/kernel/prod-native-apps.elf (1617344 bytes ELF; 568788 bytes loaded)

                      #######
                    ##########
                          ###       ######
            ###           ###         ######
          #######         ###           #####
         ##########       ###          #####
        ###     ####      ###        ####
                  ####    ###      ####
                    ####  ###    ####          #
                      ### ###  ####            ###
                        #########              ####
     ##############################################
     ####               ########
     ####              ##########
       ##           ####   ##  ####
                  ####     ##    ####
                 ###       ##      ####        #
               ###         ##        ####   ####
             ####          ##          ########
             #####         ##            ####
              ######       ##
                           ########
                           #######
KOLVRT | PROD | AArch64 | EL1
[OK] console: UART ready
[OK] memory: 256 MiB RAM; 64617 free pages (4 KiB/page)
[OK] exceptions: vectors installed
[OK] protection: MMU enabled; W^X enforced; heap initialized
[OK] interrupts: GICv3 and physical timer initialized
[OK] SMP: 2 CPUs participating
[OK] boot: validation complete; powering off (not a running system)
    Finished `release` profile [optimized + debuginfo] target(s) in 0.03s
    Finished `release` profile [optimized + debuginfo] target(s) in 0.03s
[OK] build: target/kernel/prod-native-apps.elf (1617344 bytes ELF; 568788 bytes loaded)

                      #######
                    ##########
                          ###       ######
            ###           ###         ######
          #######         ###           #####
         ##########       ###          #####
        ###     ####      ###        ####
                  ####    ###      ####
                    ####  ###    ####          #
                      ### ###  ####            ###
                        #########              ####
     ##############################################
     ####               ########
     ####              ##########
       ##           ####   ##  ####
                  ####     ##    ####
                 ###       ##      ####        #
               ###         ##        ####   ####
             ####          ##          ########
             #####         ##            ####
              ######       ##
                           ########
                           #######
KOLVRT | PROD | AArch64 | EL1
[OK] console: UART ready
[OK] memory: 256 MiB RAM; 64617 free pages (4 KiB/page)
[OK] exceptions: vectors installed
[OK] protection: MMU enabled; W^X enforced; heap initialized
[OK] interrupts: GICv3 and physical timer initialized
[OK] SMP: 2 CPUs participating
[OK] boot: validation complete; powering off (not a running system)
    Finished `release` profile [optimized + debuginfo] target(s) in 0.03s
   Compiling kolvrt-kernel v0.1.0 (C:\Users\life\.codex\worktrees\arena-clock-passport\KOLVRT\crates\kernel)
    Finished `release` profile [optimized + debuginfo] target(s) in 2.82s
[OK] build: target/kernel/prod-native-apps.elf (1617344 bytes ELF; 568788 bytes loaded)

                      #######
                    ##########
                          ###       ######
            ###           ###         ######
          #######         ###           #####
         ##########       ###          #####
        ###     ####      ###        ####
                  ####    ###      ####
                    ####  ###    ####          #
                      ### ###  ####            ###
                        #########              ####
     ##############################################
     ####               ########
     ####              ##########
       ##           ####   ##  ####
                  ####     ##    ####
                 ###       ##      ####        #
               ###         ##        ####   ####
             ####          ##          ########
             #####         ##            ####
              ######       ##
                           ########
                           #######
KOLVRT | PROD | AArch64 | EL1
[OK] console: UART ready
[OK] memory: 256 MiB RAM; 64617 free pages (4 KiB/page)
[OK] exceptions: vectors installed
[OK] protection: MMU enabled; W^X enforced; heap initialized
[OK] interrupts: GICv3 and physical timer initialized
[OK] SMP: 2 CPUs participating
[OK] boot: validation complete; powering off (not a running system)
    Finished `dev` profile [unoptimized + debuginfo] target(s) in 0.03s
   Compiling kolvrt-kernel v0.1.0 (C:\Users\life\.codex\worktrees\arena-clock-passport\KOLVRT\crates\kernel)
    Finished `dev` profile [unoptimized + debuginfo] target(s) in 0.55s
[OK] build: target/kernel/dev-native-apps.elf (7283928 bytes ELF; 3391959 bytes loaded)

                      #######
                    ##########
                          ###       ######
            ###           ###         ######
          #######         ###           #####
         ##########       ###          #####
        ###     ####      ###        ####
                  ####    ###      ####
                    ####  ###    ####          #
                      ### ###  ####            ###
                        #########              ####
     ##############################################
     ####               ########
     ####              ##########
       ##           ####   ##  ####
                  ####     ##    ####
                 ###       ##      ####        #
               ###         ##        ####   ####
             ####          ##          ########
             #####         ##            ####
              ######       ##
                           ########
                           #######
KOLVRT | DEV | AArch64 | EL1
[OK] console: UART ready
[OK] memory: 256 MiB RAM; 63927 free pages (4 KiB/page)
[OK] exceptions: vectors installed
[OK] protection: MMU enabled; W^X enforced; heap initialized
[OK] interrupts: GICv3 and physical timer initialized
[OK] SMP: 2 CPUs participating
[DEBUG] process: slot=0 generation=1 owner=0 state=Creating rollback=None
[DEBUG] process: slot=0 generation=1 owner=0 state=Prepared rollback=None
[DEBUG] process: slot=0 generation=1 owner=0 state=Admitted rollback=None
[DEBUG] process: slot=4 generation=1 owner=1 state=Creating rollback=None
[DEBUG] process: slot=4 generation=1 owner=1 state=Prepared rollback=None
[DEBUG] process: slot=4 generation=1 owner=1 state=Admitted rollback=None
[DEBUG] handles: process_slot=4 process_generation=1 capacity=8 active=2 lifecycle=retiring
[DEBUG] handles: slot=0 generation=1 kind=Endpoint
[DEBUG] handles: slot=1 generation=1 kind=Endpoint
[DEBUG] process: slot=4 generation=1 owner=1 state=Completed rollback=None
[DEBUG] handles: process_slot=0 process_generation=1 capacity=8 active=2 lifecycle=retiring
[DEBUG] handles: slot=0 generation=1 kind=Endpoint
[DEBUG] handles: slot=1 generation=1 kind=Endpoint
[DEBUG] process: slot=0 generation=1 owner=0 state=Completed rollback=None
[DEBUG] process: slot=4 generation=1 owner=1 state=Reclaiming rollback=None
[DEBUG] process: slot=4 generation=1 owner=1 state=Free rollback=None
[DEBUG] process: slot=0 generation=1 owner=0 state=Reclaiming rollback=None
[DEBUG] process: slot=0 generation=1 owner=0 state=Free rollback=None
[OK] boot: validation complete; powering off (not a running system)
    Finished `dev` profile [unoptimized + debuginfo] target(s) in 0.03s
   Compiling kolvrt-kernel v0.1.0 (C:\Users\life\.codex\worktrees\arena-clock-passport\KOLVRT\crates\kernel)
    Finished `dev` profile [unoptimized + debuginfo] target(s) in 0.53s
[OK] build: target/kernel/dev-native-apps.elf (7283928 bytes ELF; 3391959 bytes loaded)

                      #######
                    ##########
                          ###       ######
            ###           ###         ######
          #######         ###           #####
         ##########       ###          #####
        ###     ####      ###        ####
                  ####    ###      ####
                    ####  ###    ####          #
                      ### ###  ####            ###
                        #########              ####
     ##############################################
     ####               ########
     ####              ##########
       ##           ####   ##  ####
                  ####     ##    ####
                 ###       ##      ####        #
               ###         ##        ####   ####
             ####          ##          ########
             #####         ##            ####
              ######       ##
                           ########
                           #######
KOLVRT | DEV | AArch64 | EL1
[OK] console: UART ready
[OK] memory: 256 MiB RAM; 63927 free pages (4 KiB/page)
[OK] exceptions: vectors installed
[OK] protection: MMU enabled; W^X enforced; heap initialized
[OK] interrupts: GICv3 and physical timer initialized
[OK] SMP: 2 CPUs participating
[DEBUG] process: slot=0 generation=1 owner=0 state=Creating rollback=None
[DEBUG] process: slot=0 generation=1 owner=0 state=Prepared rollback=None
[DEBUG] process: slot=0 generation=1 owner=0 state=Admitted rollback=None
[DEBUG] process: slot=4 generation=1 owner=1 state=Creating rollback=None
[DEBUG] process: slot=4 generation=1 owner=1 state=Prepared rollback=None
[DEBUG] process: slot=4 generation=1 owner=1 state=Admitted rollback=None
[DEBUG] handles: process_slot=4 process_generation=1 capacity=8 active=2 lifecycle=retiring
[DEBUG] handles: slot=0 generation=1 kind=Endpoint
[DEBUG] handles: slot=1 generation=1 kind=Endpoint
[DEBUG] process: slot=4 generation=1 owner=1 state=Completed rollback=None
[DEBUG] handles: process_slot=0 process_generation=1 capacity=8 active=2 lifecycle=retiring
[DEBUG] handles: slot=0 generation=1 kind=Endpoint
[DEBUG] handles: slot=1 generation=1 kind=Endpoint
[DEBUG] process: slot=0 generation=1 owner=0 state=Completed rollback=None
[DEBUG] process: slot=4 generation=1 owner=1 state=Reclaiming rollback=None
[DEBUG] process: slot=4 generation=1 owner=1 state=Free rollback=None
[DEBUG] process: slot=0 generation=1 owner=0 state=Reclaiming rollback=None
[DEBUG] process: slot=0 generation=1 owner=0 state=Free rollback=None
[OK] boot: validation complete; powering off (not a running system)
    Finished `dev` profile [unoptimized + debuginfo] target(s) in 0.03s
    Finished `dev` profile [unoptimized + debuginfo] target(s) in 0.03s
[OK] build: target/kernel/dev-native-apps.elf (7283928 bytes ELF; 3391959 bytes loaded)

                      #######
                    ##########
                          ###       ######
            ###           ###         ######
          #######         ###           #####
         ##########       ###          #####
        ###     ####      ###        ####
                  ####    ###      ####
                    ####  ###    ####          #
                      ### ###  ####            ###
                        #########              ####
     ##############################################
     ####               ########
     ####              ##########
       ##           ####   ##  ####
                  ####     ##    ####
                 ###       ##      ####        #
               ###         ##        ####   ####
             ####          ##          ########
             #####         ##            ####
              ######       ##
                           ########
                           #######
KOLVRT | DEV | AArch64 | EL1
[OK] console: UART ready
[OK] memory: 256 MiB RAM; 63927 free pages (4 KiB/page)
[OK] exceptions: vectors installed
[OK] protection: MMU enabled; W^X enforced; heap initialized
[OK] interrupts: GICv3 and physical timer initialized
[OK] SMP: 2 CPUs participating
[DEBUG] process: slot=0 generation=1 owner=0 state=Creating rollback=None
[DEBUG] process: slot=0 generation=1 owner=0 state=Prepared rollback=None
[DEBUG] process: slot=0 generation=1 owner=0 state=Admitted rollback=None
[DEBUG] process: slot=4 generation=1 owner=1 state=Creating rollback=None
[DEBUG] process: slot=4 generation=1 owner=1 state=Prepared rollback=None
[DEBUG] process: slot=4 generation=1 owner=1 state=Admitted rollback=None
[DEBUG] handles: process_slot=4 process_generation=1 capacity=8 active=2 lifecycle=retiring
[DEBUG] handles: slot=0 generation=1 kind=Endpoint
[DEBUG] handles: slot=1 generation=1 kind=Endpoint
[DEBUG] process: slot=4 generation=1 owner=1 state=Completed rollback=None
[DEBUG] handles: process_slot=0 process_generation=1 capacity=8 active=2 lifecycle=retiring
[DEBUG] handles: slot=0 generation=1 kind=Endpoint
[DEBUG] handles: slot=1 generation=1 kind=Endpoint
[DEBUG] process: slot=0 generation=1 owner=0 state=Completed rollback=None
[DEBUG] process: slot=4 generation=1 owner=1 state=Reclaiming rollback=None
[DEBUG] process: slot=4 generation=1 owner=1 state=Free rollback=None
[DEBUG] process: slot=0 generation=1 owner=0 state=Reclaiming rollback=None
[DEBUG] process: slot=0 generation=1 owner=0 state=Free rollback=None
[OK] boot: validation complete; powering off (not a running system)
    Finished `dev` profile [unoptimized + debuginfo] target(s) in 0.03s
   Compiling kolvrt-kernel v0.1.0 (C:\Users\life\.codex\worktrees\arena-clock-passport\KOLVRT\crates\kernel)
    Finished `dev` profile [unoptimized + debuginfo] target(s) in 0.53s
[OK] build: target/kernel/dev-native-apps.elf (7283928 bytes ELF; 3391959 bytes loaded)

                      #######
                    ##########
                          ###       ######
            ###           ###         ######
          #######         ###           #####
         ##########       ###          #####
        ###     ####      ###        ####
                  ####    ###      ####
                    ####  ###    ####          #
                      ### ###  ####            ###
                        #########              ####
     ##############################################
     ####               ########
     ####              ##########
       ##           ####   ##  ####
                  ####     ##    ####
                 ###       ##      ####        #
               ###         ##        ####   ####
             ####          ##          ########
             #####         ##            ####
              ######       ##
                           ########
                           #######
KOLVRT | DEV | AArch64 | EL1
[OK] console: UART ready
[OK] memory: 256 MiB RAM; 63927 free pages (4 KiB/page)
[OK] exceptions: vectors installed
[OK] protection: MMU enabled; W^X enforced; heap initialized
[OK] interrupts: GICv3 and physical timer initialized
[OK] SMP: 2 CPUs participating
[DEBUG] process: slot=0 generation=1 owner=0 state=Creating rollback=None
[DEBUG] process: slot=0 generation=1 owner=0 state=Prepared rollback=None
[DEBUG] process: slot=0 generation=1 owner=0 state=Admitted rollback=None
[DEBUG] process: slot=4 generation=1 owner=1 state=Creating rollback=None
[DEBUG] process: slot=4 generation=1 owner=1 state=Prepared rollback=None
[DEBUG] process: slot=4 generation=1 owner=1 state=Admitted rollback=None
[DEBUG] handles: process_slot=4 process_generation=1 capacity=8 active=2 lifecycle=retiring
[DEBUG] handles: slot=0 generation=1 kind=Endpoint
[DEBUG] handles: slot=1 generation=1 kind=Endpoint
[DEBUG] process: slot=4 generation=1 owner=1 state=Completed rollback=None
[DEBUG] handles: process_slot=0 process_generation=1 capacity=8 active=2 lifecycle=retiring
[DEBUG] handles: slot=0 generation=1 kind=Endpoint
[DEBUG] handles: slot=1 generation=1 kind=Endpoint
[DEBUG] process: slot=0 generation=1 owner=0 state=Completed rollback=None
[DEBUG] process: slot=4 generation=1 owner=1 state=Reclaiming rollback=None
[DEBUG] process: slot=4 generation=1 owner=1 state=Free rollback=None
[DEBUG] process: slot=0 generation=1 owner=0 state=Reclaiming rollback=None
[DEBUG] process: slot=0 generation=1 owner=0 state=Free rollback=None
[OK] boot: validation complete; powering off (not a running system)
    Finished `release` profile [optimized + debuginfo] target(s) in 0.03s
   Compiling kolvrt-kernel v0.1.0 (C:\Users\life\.codex\worktrees\arena-clock-passport\KOLVRT\crates\kernel)
    Finished `release` profile [optimized + debuginfo] target(s) in 2.81s
[OK] build: target/kernel/prod-native-apps.elf (1605056 bytes ELF; 555428 bytes loaded)

                      #######
                    ##########
                          ###       ######
            ###           ###         ######
          #######         ###           #####
         ##########       ###          #####
        ###     ####      ###        ####
                  ####    ###      ####
                    ####  ###    ####          #
                      ### ###  ####            ###
                        #########              ####
     ##############################################
     ####               ########
     ####              ##########
       ##           ####   ##  ####
                  ####     ##    ####
                 ###       ##      ####        #
               ###         ##        ####   ####
             ####          ##          ########
             #####         ##            ####
              ######       ##
                           ########
                           #######
KOLVRT | PROD | AArch64 | EL1
[OK] console: UART ready
[OK] memory: 256 MiB RAM; 64620 free pages (4 KiB/page)
[OK] exceptions: vectors installed
[OK] protection: MMU enabled; W^X enforced; heap initialized
[OK] interrupts: GICv3 and physical timer initialized
[OK] SMP: 2 CPUs participating
[OK] boot: validation complete; powering off (not a running system)
    Finished `release` profile [optimized + debuginfo] target(s) in 0.03s
   Compiling kolvrt-kernel v0.1.0 (C:\Users\life\.codex\worktrees\arena-clock-passport\KOLVRT\crates\kernel)
    Finished `release` profile [optimized + debuginfo] target(s) in 2.94s
[OK] build: target/kernel/prod-native-apps.elf (1605056 bytes ELF; 555428 bytes loaded)

                      #######
                    ##########
                          ###       ######
            ###           ###         ######
          #######         ###           #####
         ##########       ###          #####
        ###     ####      ###        ####
                  ####    ###      ####
                    ####  ###    ####          #
                      ### ###  ####            ###
                        #########              ####
     ##############################################
     ####               ########
     ####              ##########
       ##           ####   ##  ####
                  ####     ##    ####
                 ###       ##      ####        #
               ###         ##        ####   ####
             ####          ##          ########
             #####         ##            ####
              ######       ##
                           ########
                           #######
KOLVRT | PROD | AArch64 | EL1
[OK] console: UART ready
[OK] memory: 256 MiB RAM; 64620 free pages (4 KiB/page)
[OK] exceptions: vectors installed
[OK] protection: MMU enabled; W^X enforced; heap initialized
[OK] interrupts: GICv3 and physical timer initialized
[OK] SMP: 2 CPUs participating
[OK] boot: validation complete; powering off (not a running system)
    Finished `release` profile [optimized + debuginfo] target(s) in 0.03s
    Finished `release` profile [optimized + debuginfo] target(s) in 0.03s
[OK] build: target/kernel/prod-native-apps.elf (1605056 bytes ELF; 555428 bytes loaded)

                      #######
                    ##########
                          ###       ######
            ###           ###         ######
          #######         ###           #####
         ##########       ###          #####
        ###     ####      ###        ####
                  ####    ###      ####
                    ####  ###    ####          #
                      ### ###  ####            ###
                        #########              ####
     ##############################################
     ####               ########
     ####              ##########
       ##           ####   ##  ####
                  ####     ##    ####
                 ###       ##      ####        #
               ###         ##        ####   ####
             ####          ##          ########
             #####         ##            ####
              ######       ##
                           ########
                           #######
KOLVRT | PROD | AArch64 | EL1
[OK] console: UART ready
[OK] memory: 256 MiB RAM; 64620 free pages (4 KiB/page)
[OK] exceptions: vectors installed
[OK] protection: MMU enabled; W^X enforced; heap initialized
[OK] interrupts: GICv3 and physical timer initialized
[OK] SMP: 2 CPUs participating
[OK] boot: validation complete; powering off (not a running system)
    Finished `release` profile [optimized + debuginfo] target(s) in 0.03s
   Compiling kolvrt-kernel v0.1.0 (C:\Users\life\.codex\worktrees\arena-clock-passport\KOLVRT\crates\kernel)
    Finished `release` profile [optimized + debuginfo] target(s) in 2.93s
[OK] build: target/kernel/prod-native-apps.elf (1605056 bytes ELF; 555428 bytes loaded)

                      #######
                    ##########
                          ###       ######
            ###           ###         ######
          #######         ###           #####
         ##########       ###          #####
        ###     ####      ###        ####
                  ####    ###      ####
                    ####  ###    ####          #
                      ### ###  ####            ###
                        #########              ####
     ##############################################
     ####               ########
     ####              ##########
       ##           ####   ##  ####
                  ####     ##    ####
                 ###       ##      ####        #
               ###         ##        ####   ####
             ####          ##          ########
             #####         ##            ####
              ######       ##
                           ########
                           #######
KOLVRT | PROD | AArch64 | EL1
[OK] console: UART ready
[OK] memory: 256 MiB RAM; 64620 free pages (4 KiB/page)
[OK] exceptions: vectors installed
[OK] protection: MMU enabled; W^X enforced; heap initialized
[OK] interrupts: GICv3 and physical timer initialized
[OK] SMP: 2 CPUs participating
[OK] boot: validation complete; powering off (not a running system)
    Finished `dev` profile [unoptimized + debuginfo] target(s) in 0.03s
   Compiling kolvrt-kernel v0.1.0 (C:\Users\life\.codex\worktrees\arena-clock-passport\KOLVRT\crates\kernel)
    Finished `dev` profile [unoptimized + debuginfo] target(s) in 0.55s
[OK] build: target/kernel/dev-native-apps.elf (7283928 bytes ELF; 3391959 bytes loaded)

                      #######
                    ##########
                          ###       ######
            ###           ###         ######
          #######         ###           #####
         ##########       ###          #####
        ###     ####      ###        ####
                  ####    ###      ####
                    ####  ###    ####          #
                      ### ###  ####            ###
                        #########              ####
     ##############################################
     ####               ########
     ####              ##########
       ##           ####   ##  ####
                  ####     ##    ####
                 ###       ##      ####        #
               ###         ##        ####   ####
             ####          ##          ########
             #####         ##            ####
              ######       ##
                           ########
                           #######
KOLVRT | DEV | AArch64 | EL1
[OK] console: UART ready
[OK] memory: 256 MiB RAM; 63927 free pages (4 KiB/page)
[OK] exceptions: vectors installed
[OK] protection: MMU enabled; W^X enforced; heap initialized
[OK] interrupts: GICv3 and physical timer initialized
[OK] SMP: 2 CPUs participating
[DEBUG] process: slot=0 generation=1 owner=0 state=Creating rollback=None
[DEBUG] process: slot=0 generation=1 owner=0 state=Prepared rollback=None
[DEBUG] process: slot=0 generation=1 owner=0 state=Admitted rollback=None
[DEBUG] process: slot=4 generation=1 owner=1 state=Creating rollback=None
[DEBUG] process: slot=4 generation=1 owner=1 state=Prepared rollback=None
[DEBUG] process: slot=4 generation=1 owner=1 state=Admitted rollback=None
[DEBUG] process: slot=1 generation=1 owner=0 state=Creating rollback=None
[DEBUG] process: slot=1 generation=1 owner=0 state=Prepared rollback=None
[DEBUG] process: slot=1 generation=1 owner=0 state=Admitted rollback=None
[DEBUG] handles: process_slot=1 process_generation=1 capacity=8 active=3 lifecycle=retiring
[DEBUG] handles: slot=0 generation=1 kind=Endpoint
[DEBUG] handles: slot=1 generation=1 kind=Endpoint
[DEBUG] handles: slot=2 generation=1 kind=Endpoint
[DEBUG] process: slot=1 generation=1 owner=0 state=Completed rollback=None
[DEBUG] handles: process_slot=4 process_generation=1 capacity=8 active=2 lifecycle=retiring
[DEBUG] handles: slot=0 generation=1 kind=Endpoint
[DEBUG] handles: slot=1 generation=1 kind=Endpoint
[DEBUG] process: slot=4 generation=1 owner=1 state=Completed rollback=None
[DEBUG] handles: process_slot=0 process_generation=1 capacity=8 active=4 lifecycle=retiring
[DEBUG] handles: slot=0 generation=1 kind=Endpoint
[DEBUG] handles: slot=1 generation=1 kind=Endpoint
[DEBUG] handles: slot=2 generation=1 kind=Endpoint
[DEBUG] handles: slot=3 generation=1 kind=Endpoint
[DEBUG] process: slot=0 generation=1 owner=0 state=Completed rollback=None
[DEBUG] process: slot=4 generation=1 owner=1 state=Reclaiming rollback=None
[DEBUG] process: slot=4 generation=1 owner=1 state=Free rollback=None
[DEBUG] process: slot=1 generation=1 owner=0 state=Reclaiming rollback=None
[DEBUG] process: slot=1 generation=1 owner=0 state=Free rollback=None
[DEBUG] process: slot=0 generation=1 owner=0 state=Reclaiming rollback=None
[DEBUG] process: slot=0 generation=1 owner=0 state=Free rollback=None
[OK] boot: validation complete; powering off (not a running system)
    Finished `dev` profile [unoptimized + debuginfo] target(s) in 0.03s
   Compiling kolvrt-kernel v0.1.0 (C:\Users\life\.codex\worktrees\arena-clock-passport\KOLVRT\crates\kernel)
    Finished `dev` profile [unoptimized + debuginfo] target(s) in 0.51s
[OK] build: target/kernel/dev-native-apps.elf (7283928 bytes ELF; 3391959 bytes loaded)

                      #######
                    ##########
                          ###       ######
            ###           ###         ######
          #######         ###           #####
         ##########       ###          #####
        ###     ####      ###        ####
                  ####    ###      ####
                    ####  ###    ####          #
                      ### ###  ####            ###
                        #########              ####
     ##############################################
     ####               ########
     ####              ##########
       ##           ####   ##  ####
                  ####     ##    ####
                 ###       ##      ####        #
               ###         ##        ####   ####
             ####          ##          ########
             #####         ##            ####
              ######       ##
                           ########
                           #######
KOLVRT | DEV | AArch64 | EL1
[OK] console: UART ready
[OK] memory: 256 MiB RAM; 63927 free pages (4 KiB/page)
[OK] exceptions: vectors installed
[OK] protection: MMU enabled; W^X enforced; heap initialized
[OK] interrupts: GICv3 and physical timer initialized
[OK] SMP: 2 CPUs participating
[DEBUG] process: slot=0 generation=1 owner=0 state=Creating rollback=None
[DEBUG] process: slot=0 generation=1 owner=0 state=Prepared rollback=None
[DEBUG] process: slot=0 generation=1 owner=0 state=Admitted rollback=None
[DEBUG] process: slot=4 generation=1 owner=1 state=Creating rollback=None
[DEBUG] process: slot=4 generation=1 owner=1 state=Prepared rollback=None
[DEBUG] process: slot=4 generation=1 owner=1 state=Admitted rollback=None
[DEBUG] process: slot=1 generation=1 owner=0 state=Creating rollback=None
[DEBUG] process: slot=1 generation=1 owner=0 state=Prepared rollback=None
[DEBUG] process: slot=1 generation=1 owner=0 state=Admitted rollback=None
[DEBUG] handles: process_slot=1 process_generation=1 capacity=8 active=3 lifecycle=retiring
[DEBUG] handles: slot=0 generation=1 kind=Endpoint
[DEBUG] handles: slot=1 generation=1 kind=Endpoint
[DEBUG] handles: slot=2 generation=1 kind=Endpoint
[DEBUG] process: slot=1 generation=1 owner=0 state=Completed rollback=None
[DEBUG] handles: process_slot=4 process_generation=1 capacity=8 active=2 lifecycle=retiring
[DEBUG] handles: slot=0 generation=1 kind=Endpoint
[DEBUG] handles: slot=1 generation=1 kind=Endpoint
[DEBUG] process: slot=4 generation=1 owner=1 state=Completed rollback=None
[DEBUG] handles: process_slot=0 process_generation=1 capacity=8 active=4 lifecycle=retiring
[DEBUG] handles: slot=0 generation=1 kind=Endpoint
[DEBUG] handles: slot=1 generation=1 kind=Endpoint
[DEBUG] handles: slot=2 generation=1 kind=Endpoint
[DEBUG] handles: slot=3 generation=1 kind=Endpoint
[DEBUG] process: slot=0 generation=1 owner=0 state=Completed rollback=None
[DEBUG] process: slot=4 generation=1 owner=1 state=Reclaiming rollback=None
[DEBUG] process: slot=4 generation=1 owner=1 state=Free rollback=None
[DEBUG] process: slot=1 generation=1 owner=0 state=Reclaiming rollback=None
[DEBUG] process: slot=1 generation=1 owner=0 state=Free rollback=None
[DEBUG] process: slot=0 generation=1 owner=0 state=Reclaiming rollback=None
[DEBUG] process: slot=0 generation=1 owner=0 state=Free rollback=None
[OK] boot: validation complete; powering off (not a running system)
    Finished `dev` profile [unoptimized + debuginfo] target(s) in 0.03s
    Finished `dev` profile [unoptimized + debuginfo] target(s) in 0.03s
[OK] build: target/kernel/dev-native-apps.elf (7283928 bytes ELF; 3391959 bytes loaded)

                      #######
                    ##########
                          ###       ######
            ###           ###         ######
          #######         ###           #####
         ##########       ###          #####
        ###     ####      ###        ####
                  ####    ###      ####
                    ####  ###    ####          #
                      ### ###  ####            ###
                        #########              ####
     ##############################################
     ####               ########
     ####              ##########
       ##           ####   ##  ####
                  ####     ##    ####
                 ###       ##      ####        #
               ###         ##        ####   ####
             ####          ##          ########
             #####         ##            ####
              ######       ##
                           ########
                           #######
KOLVRT | DEV | AArch64 | EL1
[OK] console: UART ready
[OK] memory: 256 MiB RAM; 63927 free pages (4 KiB/page)
[OK] exceptions: vectors installed
[OK] protection: MMU enabled; W^X enforced; heap initialized
[OK] interrupts: GICv3 and physical timer initialized
[OK] SMP: 2 CPUs participating
[DEBUG] process: slot=0 generation=1 owner=0 state=Creating rollback=None
[DEBUG] process: slot=0 generation=1 owner=0 state=Prepared rollback=None
[DEBUG] process: slot=0 generation=1 owner=0 state=Admitted rollback=None
[DEBUG] process: slot=4 generation=1 owner=1 state=Creating rollback=None
[DEBUG] process: slot=4 generation=1 owner=1 state=Prepared rollback=None
[DEBUG] process: slot=4 generation=1 owner=1 state=Admitted rollback=None
[DEBUG] process: slot=1 generation=1 owner=0 state=Creating rollback=None
[DEBUG] process: slot=1 generation=1 owner=0 state=Prepared rollback=None
[DEBUG] process: slot=1 generation=1 owner=0 state=Admitted rollback=None
[DEBUG] handles: process_slot=1 process_generation=1 capacity=8 active=3 lifecycle=retiring
[DEBUG] handles: slot=0 generation=1 kind=Endpoint
[DEBUG] handles: slot=1 generation=1 kind=Endpoint
[DEBUG] handles: slot=2 generation=1 kind=Endpoint
[DEBUG] process: slot=1 generation=1 owner=0 state=Completed rollback=None
[DEBUG] handles: process_slot=4 process_generation=1 capacity=8 active=2 lifecycle=retiring
[DEBUG] handles: slot=0 generation=1 kind=Endpoint
[DEBUG] handles: slot=1 generation=1 kind=Endpoint
[DEBUG] process: slot=4 generation=1 owner=1 state=Completed rollback=None
[DEBUG] handles: process_slot=0 process_generation=1 capacity=8 active=4 lifecycle=retiring
[DEBUG] handles: slot=0 generation=1 kind=Endpoint
[DEBUG] handles: slot=1 generation=1 kind=Endpoint
[DEBUG] handles: slot=2 generation=1 kind=Endpoint
[DEBUG] handles: slot=3 generation=1 kind=Endpoint
[DEBUG] process: slot=0 generation=1 owner=0 state=Completed rollback=None
[DEBUG] process: slot=4 generation=1 owner=1 state=Reclaiming rollback=None
[DEBUG] process: slot=4 generation=1 owner=1 state=Free rollback=None
[DEBUG] process: slot=1 generation=1 owner=0 state=Reclaiming rollback=None
[DEBUG] process: slot=1 generation=1 owner=0 state=Free rollback=None
[DEBUG] process: slot=0 generation=1 owner=0 state=Reclaiming rollback=None
[DEBUG] process: slot=0 generation=1 owner=0 state=Free rollback=None
[OK] boot: validation complete; powering off (not a running system)
    Finished `dev` profile [unoptimized + debuginfo] target(s) in 0.03s
   Compiling kolvrt-kernel v0.1.0 (C:\Users\life\.codex\worktrees\arena-clock-passport\KOLVRT\crates\kernel)
    Finished `dev` profile [unoptimized + debuginfo] target(s) in 0.60s
[OK] build: target/kernel/dev-native-apps.elf (7283928 bytes ELF; 3391959 bytes loaded)

                      #######
                    ##########
                          ###       ######
            ###           ###         ######
          #######         ###           #####
         ##########       ###          #####
        ###     ####      ###        ####
                  ####    ###      ####
                    ####  ###    ####          #
                      ### ###  ####            ###
                        #########              ####
     ##############################################
     ####               ########
     ####              ##########
       ##           ####   ##  ####
                  ####     ##    ####
                 ###       ##      ####        #
               ###         ##        ####   ####
             ####          ##          ########
             #####         ##            ####
              ######       ##
                           ########
                           #######
KOLVRT | DEV | AArch64 | EL1
[OK] console: UART ready
[OK] memory: 256 MiB RAM; 63927 free pages (4 KiB/page)
[OK] exceptions: vectors installed
[OK] protection: MMU enabled; W^X enforced; heap initialized
[OK] interrupts: GICv3 and physical timer initialized
[OK] SMP: 2 CPUs participating
[DEBUG] process: slot=0 generation=1 owner=0 state=Creating rollback=None
[DEBUG] process: slot=0 generation=1 owner=0 state=Prepared rollback=None
[DEBUG] process: slot=0 generation=1 owner=0 state=Admitted rollback=None
[DEBUG] process: slot=4 generation=1 owner=1 state=Creating rollback=None
[DEBUG] process: slot=4 generation=1 owner=1 state=Prepared rollback=None
[DEBUG] process: slot=4 generation=1 owner=1 state=Admitted rollback=None
[DEBUG] process: slot=1 generation=1 owner=0 state=Creating rollback=None
[DEBUG] process: slot=1 generation=1 owner=0 state=Prepared rollback=None
[DEBUG] process: slot=1 generation=1 owner=0 state=Admitted rollback=None
[DEBUG] handles: process_slot=1 process_generation=1 capacity=8 active=3 lifecycle=retiring
[DEBUG] handles: slot=0 generation=1 kind=Endpoint
[DEBUG] handles: slot=1 generation=1 kind=Endpoint
[DEBUG] handles: slot=2 generation=1 kind=Endpoint
[DEBUG] process: slot=1 generation=1 owner=0 state=Completed rollback=None
[DEBUG] handles: process_slot=4 process_generation=1 capacity=8 active=2 lifecycle=retiring
[DEBUG] handles: slot=0 generation=1 kind=Endpoint
[DEBUG] handles: slot=1 generation=1 kind=Endpoint
[DEBUG] process: slot=4 generation=1 owner=1 state=Completed rollback=None
[DEBUG] handles: process_slot=0 process_generation=1 capacity=8 active=4 lifecycle=retiring
[DEBUG] handles: slot=0 generation=1 kind=Endpoint
[DEBUG] handles: slot=1 generation=1 kind=Endpoint
[DEBUG] handles: slot=2 generation=1 kind=Endpoint
[DEBUG] handles: slot=3 generation=1 kind=Endpoint
[DEBUG] process: slot=0 generation=1 owner=0 state=Completed rollback=None
[DEBUG] process: slot=4 generation=1 owner=1 state=Reclaiming rollback=None
[DEBUG] process: slot=4 generation=1 owner=1 state=Free rollback=None
[DEBUG] process: slot=1 generation=1 owner=0 state=Reclaiming rollback=None
[DEBUG] process: slot=1 generation=1 owner=0 state=Free rollback=None
[DEBUG] process: slot=0 generation=1 owner=0 state=Reclaiming rollback=None
[DEBUG] process: slot=0 generation=1 owner=0 state=Free rollback=None
[OK] boot: validation complete; powering off (not a running system)
    Finished `release` profile [optimized + debuginfo] target(s) in 0.03s
   Compiling kolvrt-kernel v0.1.0 (C:\Users\life\.codex\worktrees\arena-clock-passport\KOLVRT\crates\kernel)
    Finished `release` profile [optimized + debuginfo] target(s) in 2.86s
[OK] build: target/kernel/prod-native-apps.elf (1605056 bytes ELF; 555428 bytes loaded)

                      #######
                    ##########
                          ###       ######
            ###           ###         ######
          #######         ###           #####
         ##########       ###          #####
        ###     ####      ###        ####
                  ####    ###      ####
                    ####  ###    ####          #
                      ### ###  ####            ###
                        #########              ####
     ##############################################
     ####               ########
     ####              ##########
       ##           ####   ##  ####
                  ####     ##    ####
                 ###       ##      ####        #
               ###         ##        ####   ####
             ####          ##          ########
             #####         ##            ####
              ######       ##
                           ########
                           #######
KOLVRT | PROD | AArch64 | EL1
[OK] console: UART ready
[OK] memory: 256 MiB RAM; 64620 free pages (4 KiB/page)
[OK] exceptions: vectors installed
[OK] protection: MMU enabled; W^X enforced; heap initialized
[OK] interrupts: GICv3 and physical timer initialized
[OK] SMP: 2 CPUs participating
[OK] boot: validation complete; powering off (not a running system)
    Finished `release` profile [optimized + debuginfo] target(s) in 0.03s
   Compiling kolvrt-kernel v0.1.0 (C:\Users\life\.codex\worktrees\arena-clock-passport\KOLVRT\crates\kernel)
    Finished `release` profile [optimized + debuginfo] target(s) in 2.85s
[OK] build: target/kernel/prod-native-apps.elf (1605056 bytes ELF; 555428 bytes loaded)

                      #######
                    ##########
                          ###       ######
            ###           ###         ######
          #######         ###           #####
         ##########       ###          #####
        ###     ####      ###        ####
                  ####    ###      ####
                    ####  ###    ####          #
                      ### ###  ####            ###
                        #########              ####
     ##############################################
     ####               ########
     ####              ##########
       ##           ####   ##  ####
                  ####     ##    ####
                 ###       ##      ####        #
               ###         ##        ####   ####
             ####          ##          ########
             #####         ##            ####
              ######       ##
                           ########
                           #######
KOLVRT | PROD | AArch64 | EL1
[OK] console: UART ready
[OK] memory: 256 MiB RAM; 64620 free pages (4 KiB/page)
[OK] exceptions: vectors installed
[OK] protection: MMU enabled; W^X enforced; heap initialized
[OK] interrupts: GICv3 and physical timer initialized
[OK] SMP: 2 CPUs participating
[OK] boot: validation complete; powering off (not a running system)
    Finished `release` profile [optimized + debuginfo] target(s) in 0.03s
    Finished `release` profile [optimized + debuginfo] target(s) in 0.03s
[OK] build: target/kernel/prod-native-apps.elf (1605056 bytes ELF; 555428 bytes loaded)

                      #######
                    ##########
                          ###       ######
            ###           ###         ######
          #######         ###           #####
         ##########       ###          #####
        ###     ####      ###        ####
                  ####    ###      ####
                    ####  ###    ####          #
                      ### ###  ####            ###
                        #########              ####
     ##############################################
     ####               ########
     ####              ##########
       ##           ####   ##  ####
                  ####     ##    ####
                 ###       ##      ####        #
               ###         ##        ####   ####
             ####          ##          ########
             #####         ##            ####
              ######       ##
                           ########
                           #######
KOLVRT | PROD | AArch64 | EL1
[OK] console: UART ready
[OK] memory: 256 MiB RAM; 64620 free pages (4 KiB/page)
[OK] exceptions: vectors installed
[OK] protection: MMU enabled; W^X enforced; heap initialized
[OK] interrupts: GICv3 and physical timer initialized
[OK] SMP: 2 CPUs participating
[OK] boot: validation complete; powering off (not a running system)
    Finished `release` profile [optimized + debuginfo] target(s) in 0.03s
   Compiling kolvrt-kernel v0.1.0 (C:\Users\life\.codex\worktrees\arena-clock-passport\KOLVRT\crates\kernel)
    Finished `release` profile [optimized + debuginfo] target(s) in 2.90s
[OK] build: target/kernel/prod-native-apps.elf (1605056 bytes ELF; 555428 bytes loaded)

                      #######
                    ##########
                          ###       ######
            ###           ###         ######
          #######         ###           #####
         ##########       ###          #####
        ###     ####      ###        ####
                  ####    ###      ####
                    ####  ###    ####          #
                      ### ###  ####            ###
                        #########              ####
     ##############################################
     ####               ########
     ####              ##########
       ##           ####   ##  ####
                  ####     ##    ####
                 ###       ##      ####        #
               ###         ##        ####   ####
             ####          ##          ########
             #####         ##            ####
              ######       ##
                           ########
                           #######
KOLVRT | PROD | AArch64 | EL1
[OK] console: UART ready
[OK] memory: 256 MiB RAM; 64620 free pages (4 KiB/page)
[OK] exceptions: vectors installed
[OK] protection: MMU enabled; W^X enforced; heap initialized
[OK] interrupts: GICv3 and physical timer initialized
[OK] SMP: 2 CPUs participating
[OK] boot: validation complete; powering off (not a running system)
IPC functional evidence: target/kernel/arena-ipc/1791411850163-36492; Arena admission INELIGIBLE (pilot only)
